name,module,stable_url,http_status,resolved_url,latest_url,latest_http_status
add,arithmetic,https://arturo-lang.io/documentation/library/arithmetic/add,200,https://arturo-lang.io/documentation/library/arithmetic/add,https://arturo-lang.io/latest/documentation/library/arithmetic/add,200
dec,arithmetic,https://arturo-lang.io/documentation/library/arithmetic/dec,200,https://arturo-lang.io/documentation/library/arithmetic/dec,https://arturo-lang.io/latest/documentation/library/arithmetic/dec,200
div,arithmetic,https://arturo-lang.io/documentation/library/arithmetic/div,200,https://arturo-lang.io/documentation/library/arithmetic/div,https://arturo-lang.io/latest/documentation/library/arithmetic/div,200
divmod,arithmetic,https://arturo-lang.io/documentation/library/arithmetic/divmod,200,https://arturo-lang.io/documentation/library/arithmetic/divmod,https://arturo-lang.io/latest/documentation/library/arithmetic/divmod,200
fdiv,arithmetic,https://arturo-lang.io/documentation/library/arithmetic/fdiv,200,https://arturo-lang.io/documentation/library/arithmetic/fdiv,https://arturo-lang.io/latest/documentation/library/arithmetic/fdiv,200
inc,arithmetic,https://arturo-lang.io/documentation/library/arithmetic/inc,200,https://arturo-lang.io/documentation/library/arithmetic/inc,https://arturo-lang.io/latest/documentation/library/arithmetic/inc,200
mod,arithmetic,https://arturo-lang.io/documentation/library/arithmetic/mod,200,https://arturo-lang.io/documentation/library/arithmetic/mod,https://arturo-lang.io/latest/documentation/library/arithmetic/mod,200
mul,arithmetic,https://arturo-lang.io/documentation/library/arithmetic/mul,200,https://arturo-lang.io/documentation/library/arithmetic/mul,https://arturo-lang.io/latest/documentation/library/arithmetic/mul,200
neg,arithmetic,https://arturo-lang.io/documentation/library/arithmetic/neg,200,https://arturo-lang.io/documentation/library/arithmetic/neg,https://arturo-lang.io/latest/documentation/library/arithmetic/neg,200
pow,arithmetic,https://arturo-lang.io/documentation/library/arithmetic/pow,200,https://arturo-lang.io/documentation/library/arithmetic/pow,https://arturo-lang.io/latest/documentation/library/arithmetic/pow,200
sub,arithmetic,https://arturo-lang.io/documentation/library/arithmetic/sub,200,https://arturo-lang.io/documentation/library/arithmetic/sub,https://arturo-lang.io/latest/documentation/library/arithmetic/sub,200
and,bitwise,https://arturo-lang.io/documentation/library/bitwise/and,200,https://arturo-lang.io/documentation/library/bitwise/and,https://arturo-lang.io/latest/documentation/library/bitwise/and,200
nand,bitwise,https://arturo-lang.io/documentation/library/bitwise/nand,200,https://arturo-lang.io/documentation/library/bitwise/nand,https://arturo-lang.io/latest/documentation/library/bitwise/nand,200
nor,bitwise,https://arturo-lang.io/documentation/library/bitwise/nor,200,https://arturo-lang.io/documentation/library/bitwise/nor,https://arturo-lang.io/latest/documentation/library/bitwise/nor,200
not,bitwise,https://arturo-lang.io/documentation/library/bitwise/not,200,https://arturo-lang.io/documentation/library/bitwise/not,https://arturo-lang.io/latest/documentation/library/bitwise/not,200
or,bitwise,https://arturo-lang.io/documentation/library/bitwise/or,200,https://arturo-lang.io/documentation/library/bitwise/or,https://arturo-lang.io/latest/documentation/library/bitwise/or,200
shl,bitwise,https://arturo-lang.io/documentation/library/bitwise/shl,200,https://arturo-lang.io/documentation/library/bitwise/shl,https://arturo-lang.io/latest/documentation/library/bitwise/shl,200
shr,bitwise,https://arturo-lang.io/documentation/library/bitwise/shr,200,https://arturo-lang.io/documentation/library/bitwise/shr,https://arturo-lang.io/latest/documentation/library/bitwise/shr,200
xnor,bitwise,https://arturo-lang.io/documentation/library/bitwise/xnor,200,https://arturo-lang.io/documentation/library/bitwise/xnor,https://arturo-lang.io/latest/documentation/library/bitwise/xnor,200
xor,bitwise,https://arturo-lang.io/documentation/library/bitwise/xor,200,https://arturo-lang.io/documentation/library/bitwise/xor,https://arturo-lang.io/latest/documentation/library/bitwise/xor,200
append,collections,https://arturo-lang.io/documentation/library/collections/append,200,https://arturo-lang.io/documentation/library/collections/append,https://arturo-lang.io/latest/documentation/library/collections/append,200
array,collections,https://arturo-lang.io/documentation/library/collections/array,200,https://arturo-lang.io/documentation/library/collections/array,https://arturo-lang.io/latest/documentation/library/collections/array,200
chop,collections,https://arturo-lang.io/documentation/library/collections/chop,200,https://arturo-lang.io/documentation/library/collections/chop,https://arturo-lang.io/latest/documentation/library/collections/chop,200
combine,collections,https://arturo-lang.io/documentation/library/collections/combine,200,https://arturo-lang.io/documentation/library/collections/combine,https://arturo-lang.io/latest/documentation/library/collections/combine,200
contains?,collections,https://arturo-lang.io/documentation/library/collections/contains-,200,https://arturo-lang.io/documentation/library/collections/contains-,https://arturo-lang.io/latest/documentation/library/collections/contains-,200
couple,collections,https://arturo-lang.io/documentation/library/collections/couple,200,https://arturo-lang.io/documentation/library/collections/couple,https://arturo-lang.io/latest/documentation/library/collections/couple,200
decouple,collections,https://arturo-lang.io/documentation/library/collections/decouple,200,https://arturo-lang.io/documentation/library/collections/decouple,https://arturo-lang.io/latest/documentation/library/collections/decouple,200
dictionary,collections,https://arturo-lang.io/documentation/library/collections/dictionary,200,https://arturo-lang.io/documentation/library/collections/dictionary,https://arturo-lang.io/latest/documentation/library/collections/dictionary,200
drop,collections,https://arturo-lang.io/documentation/library/collections/drop,200,https://arturo-lang.io/documentation/library/collections/drop,https://arturo-lang.io/latest/documentation/library/collections/drop,200
empty,collections,https://arturo-lang.io/documentation/library/collections/empty,200,https://arturo-lang.io/documentation/library/collections/empty,https://arturo-lang.io/latest/documentation/library/collections/empty,200
empty?,collections,https://arturo-lang.io/documentation/library/collections/empty-,200,https://arturo-lang.io/documentation/library/collections/empty-,https://arturo-lang.io/latest/documentation/library/collections/empty-,200
extend,collections,https://arturo-lang.io/documentation/library/collections/extend,200,https://arturo-lang.io/documentation/library/collections/extend,https://arturo-lang.io/latest/documentation/library/collections/extend,200
first,collections,https://arturo-lang.io/documentation/library/collections/first,200,https://arturo-lang.io/documentation/library/collections/first,https://arturo-lang.io/latest/documentation/library/collections/first,200
flatten,collections,https://arturo-lang.io/documentation/library/collections/flatten,200,https://arturo-lang.io/documentation/library/collections/flatten,https://arturo-lang.io/latest/documentation/library/collections/flatten,200
get,collections,https://arturo-lang.io/documentation/library/collections/get,200,https://arturo-lang.io/documentation/library/collections/get,https://arturo-lang.io/latest/documentation/library/collections/get,200
in?,collections,https://arturo-lang.io/documentation/library/collections/in-,200,https://arturo-lang.io/documentation/library/collections/in-,https://arturo-lang.io/latest/documentation/library/collections/in-,200
index,collections,https://arturo-lang.io/documentation/library/collections/index,200,https://arturo-lang.io/documentation/library/collections/index,https://arturo-lang.io/latest/documentation/library/collections/index,200
insert,collections,https://arturo-lang.io/documentation/library/collections/insert,200,https://arturo-lang.io/documentation/library/collections/insert,https://arturo-lang.io/latest/documentation/library/collections/insert,200
key?,collections,https://arturo-lang.io/documentation/library/collections/key-,200,https://arturo-lang.io/documentation/library/collections/key-,https://arturo-lang.io/latest/documentation/library/collections/key-,200
keys,collections,https://arturo-lang.io/documentation/library/collections/keys,200,https://arturo-lang.io/documentation/library/collections/keys,https://arturo-lang.io/latest/documentation/library/collections/keys,200
last,collections,https://arturo-lang.io/documentation/library/collections/last,200,https://arturo-lang.io/documentation/library/collections/last,https://arturo-lang.io/latest/documentation/library/collections/last,200
max,collections,https://arturo-lang.io/documentation/library/collections/max,200,https://arturo-lang.io/documentation/library/collections/max,https://arturo-lang.io/latest/documentation/library/collections/max,200
min,collections,https://arturo-lang.io/documentation/library/collections/min,200,https://arturo-lang.io/documentation/library/collections/min,https://arturo-lang.io/latest/documentation/library/collections/min,200
one?,collections,https://arturo-lang.io/documentation/library/collections/one-,200,https://arturo-lang.io/documentation/library/collections/one-,https://arturo-lang.io/latest/documentation/library/collections/one-,200
permutate,collections,https://arturo-lang.io/documentation/library/collections/permutate,200,https://arturo-lang.io/documentation/library/collections/permutate,https://arturo-lang.io/latest/documentation/library/collections/permutate,200
pop,collections,https://arturo-lang.io/documentation/library/collections/pop,200,https://arturo-lang.io/documentation/library/collections/pop,https://arturo-lang.io/latest/documentation/library/collections/pop,200
prepend,collections,https://arturo-lang.io/documentation/library/collections/prepend,200,https://arturo-lang.io/documentation/library/collections/prepend,https://arturo-lang.io/latest/documentation/library/collections/prepend,200
range,collections,https://arturo-lang.io/documentation/library/collections/range,200,https://arturo-lang.io/documentation/library/collections/range,https://arturo-lang.io/latest/documentation/library/collections/range,200
remove,collections,https://arturo-lang.io/documentation/library/collections/remove,200,https://arturo-lang.io/documentation/library/collections/remove,https://arturo-lang.io/latest/documentation/library/collections/remove,200
repeat,collections,https://arturo-lang.io/documentation/library/collections/repeat,200,https://arturo-lang.io/documentation/library/collections/repeat,https://arturo-lang.io/latest/documentation/library/collections/repeat,200
reverse,collections,https://arturo-lang.io/documentation/library/collections/reverse,200,https://arturo-lang.io/documentation/library/collections/reverse,https://arturo-lang.io/latest/documentation/library/collections/reverse,200
rotate,collections,https://arturo-lang.io/documentation/library/collections/rotate,200,https://arturo-lang.io/documentation/library/collections/rotate,https://arturo-lang.io/latest/documentation/library/collections/rotate,200
sample,collections,https://arturo-lang.io/documentation/library/collections/sample,200,https://arturo-lang.io/documentation/library/collections/sample,https://arturo-lang.io/latest/documentation/library/collections/sample,200
set,collections,https://arturo-lang.io/documentation/library/collections/set,200,https://arturo-lang.io/documentation/library/collections/set,https://arturo-lang.io/latest/documentation/library/collections/set,200
shuffle,collections,https://arturo-lang.io/documentation/library/collections/shuffle,200,https://arturo-lang.io/documentation/library/collections/shuffle,https://arturo-lang.io/latest/documentation/library/collections/shuffle,200
size,collections,https://arturo-lang.io/documentation/library/collections/size,200,https://arturo-lang.io/documentation/library/collections/size,https://arturo-lang.io/latest/documentation/library/collections/size,200
slice,collections,https://arturo-lang.io/documentation/library/collections/slice,200,https://arturo-lang.io/documentation/library/collections/slice,https://arturo-lang.io/latest/documentation/library/collections/slice,200
sort,collections,https://arturo-lang.io/documentation/library/collections/sort,200,https://arturo-lang.io/documentation/library/collections/sort,https://arturo-lang.io/latest/documentation/library/collections/sort,200
sorted?,collections,https://arturo-lang.io/documentation/library/collections/sorted-,200,https://arturo-lang.io/documentation/library/collections/sorted-,https://arturo-lang.io/latest/documentation/library/collections/sorted-,200
split,collections,https://arturo-lang.io/documentation/library/collections/split,200,https://arturo-lang.io/documentation/library/collections/split,https://arturo-lang.io/latest/documentation/library/collections/split,200
squeeze,collections,https://arturo-lang.io/documentation/library/collections/squeeze,200,https://arturo-lang.io/documentation/library/collections/squeeze,https://arturo-lang.io/latest/documentation/library/collections/squeeze,200
take,collections,https://arturo-lang.io/documentation/library/collections/take,200,https://arturo-lang.io/documentation/library/collections/take,https://arturo-lang.io/latest/documentation/library/collections/take,200
tally,collections,https://arturo-lang.io/documentation/library/collections/tally,200,https://arturo-lang.io/documentation/library/collections/tally,https://arturo-lang.io/latest/documentation/library/collections/tally,200
unique,collections,https://arturo-lang.io/documentation/library/collections/unique,200,https://arturo-lang.io/documentation/library/collections/unique,https://arturo-lang.io/latest/documentation/library/collections/unique,200
values,collections,https://arturo-lang.io/documentation/library/collections/values,200,https://arturo-lang.io/documentation/library/collections/values,https://arturo-lang.io/latest/documentation/library/collections/values,200
zero?,collections,https://arturo-lang.io/documentation/library/collections/zero-,200,https://arturo-lang.io/documentation/library/collections/zero-,https://arturo-lang.io/latest/documentation/library/collections/zero-,200
blend,colors,https://arturo-lang.io/documentation/library/colors/blend,200,https://arturo-lang.io/documentation/library/colors/blend,https://arturo-lang.io/latest/documentation/library/colors/blend,200
darken,colors,https://arturo-lang.io/documentation/library/colors/darken,200,https://arturo-lang.io/documentation/library/colors/darken,https://arturo-lang.io/latest/documentation/library/colors/darken,200
desaturate,colors,https://arturo-lang.io/documentation/library/colors/desaturate,200,https://arturo-lang.io/documentation/library/colors/desaturate,https://arturo-lang.io/latest/documentation/library/colors/desaturate,200
grayscale,colors,https://arturo-lang.io/documentation/library/colors/grayscale,200,https://arturo-lang.io/documentation/library/colors/grayscale,https://arturo-lang.io/latest/documentation/library/colors/grayscale,200
invert,colors,https://arturo-lang.io/documentation/library/colors/invert,200,https://arturo-lang.io/documentation/library/colors/invert,https://arturo-lang.io/latest/documentation/library/colors/invert,200
lighten,colors,https://arturo-lang.io/documentation/library/colors/lighten,200,https://arturo-lang.io/documentation/library/colors/lighten,https://arturo-lang.io/latest/documentation/library/colors/lighten,200
palette,colors,https://arturo-lang.io/documentation/library/colors/palette,200,https://arturo-lang.io/documentation/library/colors/palette,https://arturo-lang.io/latest/documentation/library/colors/palette,200
saturate,colors,https://arturo-lang.io/documentation/library/colors/saturate,200,https://arturo-lang.io/documentation/library/colors/saturate,https://arturo-lang.io/latest/documentation/library/colors/saturate,200
spin,colors,https://arturo-lang.io/documentation/library/colors/spin,200,https://arturo-lang.io/documentation/library/colors/spin,https://arturo-lang.io/latest/documentation/library/colors/spin,200
between?,comparison,https://arturo-lang.io/documentation/library/comparison/between-,200,https://arturo-lang.io/documentation/library/comparison/between-,https://arturo-lang.io/latest/documentation/library/comparison/between-,200
compare,comparison,https://arturo-lang.io/documentation/library/comparison/compare,200,https://arturo-lang.io/documentation/library/comparison/compare,https://arturo-lang.io/latest/documentation/library/comparison/compare,200
equal?,comparison,https://arturo-lang.io/documentation/library/comparison/equal-,200,https://arturo-lang.io/documentation/library/comparison/equal-,https://arturo-lang.io/latest/documentation/library/comparison/equal-,200
greater?,comparison,https://arturo-lang.io/documentation/library/comparison/greater-,200,https://arturo-lang.io/documentation/library/comparison/greater-,https://arturo-lang.io/latest/documentation/library/comparison/greater-,200
greaterOrEqual?,comparison,https://arturo-lang.io/documentation/library/comparison/greaterorequal-,200,https://arturo-lang.io/documentation/library/comparison/greaterorequal-,https://arturo-lang.io/latest/documentation/library/comparison/greaterorequal-,200
less?,comparison,https://arturo-lang.io/documentation/library/comparison/less-,200,https://arturo-lang.io/documentation/library/comparison/less-,https://arturo-lang.io/latest/documentation/library/comparison/less-,200
lessOrEqual?,comparison,https://arturo-lang.io/documentation/library/comparison/lessorequal-,200,https://arturo-lang.io/documentation/library/comparison/lessorequal-,https://arturo-lang.io/latest/documentation/library/comparison/lessorequal-,200
notEqual?,comparison,https://arturo-lang.io/documentation/library/comparison/notequal-,200,https://arturo-lang.io/documentation/library/comparison/notequal-,https://arturo-lang.io/latest/documentation/library/comparison/notequal-,200
same?,comparison,https://arturo-lang.io/documentation/library/comparison/same-,200,https://arturo-lang.io/documentation/library/comparison/same-,https://arturo-lang.io/latest/documentation/library/comparison/same-,200
alias,core,https://arturo-lang.io/documentation/library/core/alias,200,https://arturo-lang.io/documentation/library/core/alias,https://arturo-lang.io/latest/documentation/library/core/alias,200
any,core,https://arturo-lang.io/documentation/library/core/any,200,https://arturo-lang.io/documentation/library/core/any,https://arturo-lang.io/latest/documentation/library/core/any,200
break,core,https://arturo-lang.io/documentation/library/core/break,200,https://arturo-lang.io/documentation/library/core/break,https://arturo-lang.io/latest/documentation/library/core/break,200
call,core,https://arturo-lang.io/documentation/library/core/call,200,https://arturo-lang.io/documentation/library/core/call,https://arturo-lang.io/latest/documentation/library/core/call,200
case,core,https://arturo-lang.io/documentation/library/core/case,200,https://arturo-lang.io/documentation/library/core/case,https://arturo-lang.io/latest/documentation/library/core/case,200
coalesce,core,https://arturo-lang.io/documentation/library/core/coalesce,200,https://arturo-lang.io/documentation/library/core/coalesce,https://arturo-lang.io/latest/documentation/library/core/coalesce,200
continue,core,https://arturo-lang.io/documentation/library/core/continue,200,https://arturo-lang.io/documentation/library/core/continue,https://arturo-lang.io/latest/documentation/library/core/continue,200
discard,core,https://arturo-lang.io/documentation/library/core/discard,200,https://arturo-lang.io/documentation/library/core/discard,https://arturo-lang.io/latest/documentation/library/core/discard,200
do,core,https://arturo-lang.io/documentation/library/core/do,200,https://arturo-lang.io/documentation/library/core/do,https://arturo-lang.io/latest/documentation/library/core/do,200
dup,core,https://arturo-lang.io/documentation/library/core/dup,200,https://arturo-lang.io/documentation/library/core/dup,https://arturo-lang.io/latest/documentation/library/core/dup,200
ensure,core,https://arturo-lang.io/documentation/library/core/ensure,200,https://arturo-lang.io/documentation/library/core/ensure,https://arturo-lang.io/latest/documentation/library/core/ensure,200
export,core,https://arturo-lang.io/documentation/library/core/export,200,https://arturo-lang.io/documentation/library/core/export,https://arturo-lang.io/latest/documentation/library/core/export,200
express,core,https://arturo-lang.io/documentation/library/core/express,200,https://arturo-lang.io/documentation/library/core/express,https://arturo-lang.io/latest/documentation/library/core/express,200
function,core,https://arturo-lang.io/documentation/library/core/function,200,https://arturo-lang.io/documentation/library/core/function,https://arturo-lang.io/latest/documentation/library/core/function,200
if,core,https://arturo-lang.io/documentation/library/core/if,200,https://arturo-lang.io/documentation/library/core/if,https://arturo-lang.io/latest/documentation/library/core/if,200
import,core,https://arturo-lang.io/documentation/library/core/import,200,https://arturo-lang.io/documentation/library/core/import,https://arturo-lang.io/latest/documentation/library/core/import,200
let,core,https://arturo-lang.io/documentation/library/core/let,200,https://arturo-lang.io/documentation/library/core/let,https://arturo-lang.io/latest/documentation/library/core/let,200
method,core,https://arturo-lang.io/documentation/library/core/method,200,https://arturo-lang.io/documentation/library/core/method,https://arturo-lang.io/latest/documentation/library/core/method,200
module,core,https://arturo-lang.io/documentation/library/core/module,200,https://arturo-lang.io/documentation/library/core/module,https://arturo-lang.io/latest/documentation/library/core/module,200
new,core,https://arturo-lang.io/documentation/library/core/new,200,https://arturo-lang.io/documentation/library/core/new,https://arturo-lang.io/latest/documentation/library/core/new,200
null,core,https://arturo-lang.io/documentation/library/core/null,200,https://arturo-lang.io/documentation/library/core/null,https://arturo-lang.io/latest/documentation/library/core/null,200
parse,core,https://arturo-lang.io/documentation/library/core/parse,200,https://arturo-lang.io/documentation/library/core/parse,https://arturo-lang.io/latest/documentation/library/core/parse,200
return,core,https://arturo-lang.io/documentation/library/core/return,200,https://arturo-lang.io/documentation/library/core/return,https://arturo-lang.io/latest/documentation/library/core/return,200
set?,core,https://arturo-lang.io/documentation/library/core/set-,200,https://arturo-lang.io/documentation/library/core/set-,https://arturo-lang.io/latest/documentation/library/core/set-,200
switch,core,https://arturo-lang.io/documentation/library/core/switch,200,https://arturo-lang.io/documentation/library/core/switch,https://arturo-lang.io/latest/documentation/library/core/switch,200
unless,core,https://arturo-lang.io/documentation/library/core/unless,200,https://arturo-lang.io/documentation/library/core/unless,https://arturo-lang.io/latest/documentation/library/core/unless,200
unset,core,https://arturo-lang.io/documentation/library/core/unset,200,https://arturo-lang.io/documentation/library/core/unset,https://arturo-lang.io/latest/documentation/library/core/unset,200
unstack,core,https://arturo-lang.io/documentation/library/core/unstack,200,https://arturo-lang.io/documentation/library/core/unstack,https://arturo-lang.io/latest/documentation/library/core/unstack,200
until,core,https://arturo-lang.io/documentation/library/core/until,200,https://arturo-lang.io/documentation/library/core/until,https://arturo-lang.io/latest/documentation/library/core/until,200
using,core,https://arturo-lang.io/documentation/library/core/using,200,https://arturo-lang.io/documentation/library/core/using,https://arturo-lang.io/latest/documentation/library/core/using,200
var,core,https://arturo-lang.io/documentation/library/core/var,200,https://arturo-lang.io/documentation/library/core/var,https://arturo-lang.io/latest/documentation/library/core/var,200
when,core,https://arturo-lang.io/documentation/library/core/when,200,https://arturo-lang.io/documentation/library/core/when,https://arturo-lang.io/latest/documentation/library/core/when,200
while,core,https://arturo-lang.io/documentation/library/core/while,200,https://arturo-lang.io/documentation/library/core/while,https://arturo-lang.io/latest/documentation/library/core/while,200
window,core,https://arturo-lang.io/documentation/library/core/window,200,https://arturo-lang.io/documentation/library/core/window,https://arturo-lang.io/latest/documentation/library/core/window,200
with,core,https://arturo-lang.io/documentation/library/core/with,200,https://arturo-lang.io/documentation/library/core/with,https://arturo-lang.io/latest/documentation/library/core/with,200
crc,crypto,https://arturo-lang.io/documentation/library/crypto/crc,200,https://arturo-lang.io/documentation/library/crypto/crc,https://arturo-lang.io/latest/documentation/library/crypto/crc,200
decode,crypto,https://arturo-lang.io/documentation/library/crypto/decode,200,https://arturo-lang.io/documentation/library/crypto/decode,https://arturo-lang.io/latest/documentation/library/crypto/decode,200
digest,crypto,https://arturo-lang.io/documentation/library/crypto/digest,200,https://arturo-lang.io/documentation/library/crypto/digest,https://arturo-lang.io/latest/documentation/library/crypto/digest,200
encode,crypto,https://arturo-lang.io/documentation/library/crypto/encode,200,https://arturo-lang.io/documentation/library/crypto/encode,https://arturo-lang.io/latest/documentation/library/crypto/encode,200
hash,crypto,https://arturo-lang.io/documentation/library/crypto/hash,200,https://arturo-lang.io/documentation/library/crypto/hash,https://arturo-lang.io/latest/documentation/library/crypto/hash,200
close,databases,https://arturo-lang.io/documentation/library/databases/close,200,https://arturo-lang.io/documentation/library/databases/close,https://arturo-lang.io/latest/documentation/library/databases/close,200
open,databases,https://arturo-lang.io/documentation/library/databases/open,200,https://arturo-lang.io/documentation/library/databases/open,https://arturo-lang.io/latest/documentation/library/databases/open,200
query,databases,https://arturo-lang.io/documentation/library/databases/query,200,https://arturo-lang.io/documentation/library/databases/query,https://arturo-lang.io/latest/documentation/library/databases/query,200
store,databases,https://arturo-lang.io/documentation/library/databases/store,200,https://arturo-lang.io/documentation/library/databases/store,https://arturo-lang.io/latest/documentation/library/databases/store,200
after,dates,https://arturo-lang.io/documentation/library/dates/after,200,https://arturo-lang.io/documentation/library/dates/after,https://arturo-lang.io/latest/documentation/library/dates/after,200
before,dates,https://arturo-lang.io/documentation/library/dates/before,200,https://arturo-lang.io/documentation/library/dates/before,https://arturo-lang.io/latest/documentation/library/dates/before,200
friday?,dates,https://arturo-lang.io/documentation/library/dates/friday-,200,https://arturo-lang.io/documentation/library/dates/friday-,https://arturo-lang.io/latest/documentation/library/dates/friday-,200
future?,dates,https://arturo-lang.io/documentation/library/dates/future-,200,https://arturo-lang.io/documentation/library/dates/future-,https://arturo-lang.io/latest/documentation/library/dates/future-,200
leap?,dates,https://arturo-lang.io/documentation/library/dates/leap-,200,https://arturo-lang.io/documentation/library/dates/leap-,https://arturo-lang.io/latest/documentation/library/dates/leap-,200
monday?,dates,https://arturo-lang.io/documentation/library/dates/monday-,200,https://arturo-lang.io/documentation/library/dates/monday-,https://arturo-lang.io/latest/documentation/library/dates/monday-,200
now,dates,https://arturo-lang.io/documentation/library/dates/now,200,https://arturo-lang.io/documentation/library/dates/now,https://arturo-lang.io/latest/documentation/library/dates/now,200
past?,dates,https://arturo-lang.io/documentation/library/dates/past-,200,https://arturo-lang.io/documentation/library/dates/past-,https://arturo-lang.io/latest/documentation/library/dates/past-,200
saturday?,dates,https://arturo-lang.io/documentation/library/dates/saturday-,200,https://arturo-lang.io/documentation/library/dates/saturday-,https://arturo-lang.io/latest/documentation/library/dates/saturday-,200
sunday?,dates,https://arturo-lang.io/documentation/library/dates/sunday-,200,https://arturo-lang.io/documentation/library/dates/sunday-,https://arturo-lang.io/latest/documentation/library/dates/sunday-,200
thursday?,dates,https://arturo-lang.io/documentation/library/dates/thursday-,200,https://arturo-lang.io/documentation/library/dates/thursday-,https://arturo-lang.io/latest/documentation/library/dates/thursday-,200
today?,dates,https://arturo-lang.io/documentation/library/dates/today-,200,https://arturo-lang.io/documentation/library/dates/today-,https://arturo-lang.io/latest/documentation/library/dates/today-,200
tuesday?,dates,https://arturo-lang.io/documentation/library/dates/tuesday-,200,https://arturo-lang.io/documentation/library/dates/tuesday-,https://arturo-lang.io/latest/documentation/library/dates/tuesday-,200
wednesday?,dates,https://arturo-lang.io/documentation/library/dates/wednesday-,200,https://arturo-lang.io/documentation/library/dates/wednesday-,https://arturo-lang.io/latest/documentation/library/dates/wednesday-,200
arithmeticError,exceptions,https://arturo-lang.io/documentation/library/exceptions/arithmeticerror,200,https://arturo-lang.io/documentation/library/exceptions/arithmeticerror,https://arturo-lang.io/latest/documentation/library/exceptions/arithmeticerror,200
assertionError,exceptions,https://arturo-lang.io/documentation/library/exceptions/assertionerror,200,https://arturo-lang.io/documentation/library/exceptions/assertionerror,https://arturo-lang.io/latest/documentation/library/exceptions/assertionerror,200
conversionError,exceptions,https://arturo-lang.io/documentation/library/exceptions/conversionerror,200,https://arturo-lang.io/documentation/library/exceptions/conversionerror,https://arturo-lang.io/latest/documentation/library/exceptions/conversionerror,200
indexError,exceptions,https://arturo-lang.io/documentation/library/exceptions/indexerror,200,https://arturo-lang.io/documentation/library/exceptions/indexerror,https://arturo-lang.io/latest/documentation/library/exceptions/indexerror,200
libraryError,exceptions,https://arturo-lang.io/documentation/library/exceptions/libraryerror,200,https://arturo-lang.io/documentation/library/exceptions/libraryerror,https://arturo-lang.io/latest/documentation/library/exceptions/libraryerror,200
nameError,exceptions,https://arturo-lang.io/documentation/library/exceptions/nameerror,200,https://arturo-lang.io/documentation/library/exceptions/nameerror,https://arturo-lang.io/latest/documentation/library/exceptions/nameerror,200
packageError,exceptions,https://arturo-lang.io/documentation/library/exceptions/packageerror,200,https://arturo-lang.io/documentation/library/exceptions/packageerror,https://arturo-lang.io/latest/documentation/library/exceptions/packageerror,200
runtimeError,exceptions,https://arturo-lang.io/documentation/library/exceptions/runtimeerror,200,https://arturo-lang.io/documentation/library/exceptions/runtimeerror,https://arturo-lang.io/latest/documentation/library/exceptions/runtimeerror,200
syntaxError,exceptions,https://arturo-lang.io/documentation/library/exceptions/syntaxerror,200,https://arturo-lang.io/documentation/library/exceptions/syntaxerror,https://arturo-lang.io/latest/documentation/library/exceptions/syntaxerror,200
systemError,exceptions,https://arturo-lang.io/documentation/library/exceptions/systemerror,200,https://arturo-lang.io/documentation/library/exceptions/systemerror,https://arturo-lang.io/latest/documentation/library/exceptions/systemerror,200
throw,exceptions,https://arturo-lang.io/documentation/library/exceptions/throw,200,https://arturo-lang.io/documentation/library/exceptions/throw,https://arturo-lang.io/latest/documentation/library/exceptions/throw,200
throws?,exceptions,https://arturo-lang.io/documentation/library/exceptions/throws-,200,https://arturo-lang.io/documentation/library/exceptions/throws-,https://arturo-lang.io/latest/documentation/library/exceptions/throws-,200
try,exceptions,https://arturo-lang.io/documentation/library/exceptions/try,200,https://arturo-lang.io/documentation/library/exceptions/try,https://arturo-lang.io/latest/documentation/library/exceptions/try,200
typeError,exceptions,https://arturo-lang.io/documentation/library/exceptions/typeerror,200,https://arturo-lang.io/documentation/library/exceptions/typeerror,https://arturo-lang.io/latest/documentation/library/exceptions/typeerror,200
uiError,exceptions,https://arturo-lang.io/documentation/library/exceptions/uierror,200,https://arturo-lang.io/documentation/library/exceptions/uierror,https://arturo-lang.io/latest/documentation/library/exceptions/uierror,200
valueError,exceptions,https://arturo-lang.io/documentation/library/exceptions/valueerror,200,https://arturo-lang.io/documentation/library/exceptions/valueerror,https://arturo-lang.io/latest/documentation/library/exceptions/valueerror,200
vmError,exceptions,https://arturo-lang.io/documentation/library/exceptions/vmerror,200,https://arturo-lang.io/documentation/library/exceptions/vmerror,https://arturo-lang.io/latest/documentation/library/exceptions/vmerror,200
copy,files,https://arturo-lang.io/documentation/library/files/copy,200,https://arturo-lang.io/documentation/library/files/copy,https://arturo-lang.io/latest/documentation/library/files/copy,200
delete,files,https://arturo-lang.io/documentation/library/files/delete,200,https://arturo-lang.io/documentation/library/files/delete,https://arturo-lang.io/latest/documentation/library/files/delete,200
directory?,files,https://arturo-lang.io/documentation/library/files/directory-,200,https://arturo-lang.io/documentation/library/files/directory-,https://arturo-lang.io/latest/documentation/library/files/directory-,200
exists?,files,https://arturo-lang.io/documentation/library/files/exists-,200,https://arturo-lang.io/documentation/library/files/exists-,https://arturo-lang.io/latest/documentation/library/files/exists-,200
file?,files,https://arturo-lang.io/documentation/library/files/file-,200,https://arturo-lang.io/documentation/library/files/file-,https://arturo-lang.io/latest/documentation/library/files/file-,200
hidden?,files,https://arturo-lang.io/documentation/library/files/hidden-,200,https://arturo-lang.io/documentation/library/files/hidden-,https://arturo-lang.io/latest/documentation/library/files/hidden-,200
move,files,https://arturo-lang.io/documentation/library/files/move,200,https://arturo-lang.io/documentation/library/files/move,https://arturo-lang.io/latest/documentation/library/files/move,200
permissions,files,https://arturo-lang.io/documentation/library/files/permissions,200,https://arturo-lang.io/documentation/library/files/permissions,https://arturo-lang.io/latest/documentation/library/files/permissions,200
read,files,https://arturo-lang.io/documentation/library/files/read,200,https://arturo-lang.io/documentation/library/files/read,https://arturo-lang.io/latest/documentation/library/files/read,200
rename,files,https://arturo-lang.io/documentation/library/files/rename,200,https://arturo-lang.io/documentation/library/files/rename,https://arturo-lang.io/latest/documentation/library/files/rename,200
symlink,files,https://arturo-lang.io/documentation/library/files/symlink,200,https://arturo-lang.io/documentation/library/files/symlink,https://arturo-lang.io/latest/documentation/library/files/symlink,200
symlink?,files,https://arturo-lang.io/documentation/library/files/symlink-,200,https://arturo-lang.io/documentation/library/files/symlink-,https://arturo-lang.io/latest/documentation/library/files/symlink-,200
timestamp,files,https://arturo-lang.io/documentation/library/files/timestamp,200,https://arturo-lang.io/documentation/library/files/timestamp,https://arturo-lang.io/latest/documentation/library/files/timestamp,200
unzip,files,https://arturo-lang.io/documentation/library/files/unzip,200,https://arturo-lang.io/documentation/library/files/unzip,https://arturo-lang.io/latest/documentation/library/files/unzip,200
volume,files,https://arturo-lang.io/documentation/library/files/volume,200,https://arturo-lang.io/documentation/library/files/volume,https://arturo-lang.io/latest/documentation/library/files/volume,200
write,files,https://arturo-lang.io/documentation/library/files/write,200,https://arturo-lang.io/documentation/library/files/write,https://arturo-lang.io/latest/documentation/library/files/write,200
zip,files,https://arturo-lang.io/documentation/library/files/zip,200,https://arturo-lang.io/documentation/library/files/zip,https://arturo-lang.io/latest/documentation/library/files/zip,200
clear,io,https://arturo-lang.io/documentation/library/io/clear,200,https://arturo-lang.io/documentation/library/io/clear,https://arturo-lang.io/latest/documentation/library/io/clear,200
color,io,https://arturo-lang.io/documentation/library/io/color,200,https://arturo-lang.io/documentation/library/io/color,https://arturo-lang.io/latest/documentation/library/io/color,200
cursor,io,https://arturo-lang.io/documentation/library/io/cursor,200,https://arturo-lang.io/documentation/library/io/cursor,https://arturo-lang.io/latest/documentation/library/io/cursor,200
goto,io,https://arturo-lang.io/documentation/library/io/goto,200,https://arturo-lang.io/documentation/library/io/goto,https://arturo-lang.io/latest/documentation/library/io/goto,200
input,io,https://arturo-lang.io/documentation/library/io/input,200,https://arturo-lang.io/documentation/library/io/input,https://arturo-lang.io/latest/documentation/library/io/input,200
print,io,https://arturo-lang.io/documentation/library/io/print,200,https://arturo-lang.io/documentation/library/io/print,https://arturo-lang.io/latest/documentation/library/io/print,200
prints,io,https://arturo-lang.io/documentation/library/io/prints,200,https://arturo-lang.io/documentation/library/io/prints,https://arturo-lang.io/latest/documentation/library/io/prints,200
terminal,io,https://arturo-lang.io/documentation/library/io/terminal,200,https://arturo-lang.io/documentation/library/io/terminal,https://arturo-lang.io/latest/documentation/library/io/terminal,200
arrange,iterators,https://arturo-lang.io/documentation/library/iterators/arrange,200,https://arturo-lang.io/documentation/library/iterators/arrange,https://arturo-lang.io/latest/documentation/library/iterators/arrange,200
chunk,iterators,https://arturo-lang.io/documentation/library/iterators/chunk,200,https://arturo-lang.io/documentation/library/iterators/chunk,https://arturo-lang.io/latest/documentation/library/iterators/chunk,200
cluster,iterators,https://arturo-lang.io/documentation/library/iterators/cluster,200,https://arturo-lang.io/documentation/library/iterators/cluster,https://arturo-lang.io/latest/documentation/library/iterators/cluster,200
collect,iterators,https://arturo-lang.io/documentation/library/iterators/collect,200,https://arturo-lang.io/documentation/library/iterators/collect,https://arturo-lang.io/latest/documentation/library/iterators/collect,200
enumerate,iterators,https://arturo-lang.io/documentation/library/iterators/enumerate,200,https://arturo-lang.io/documentation/library/iterators/enumerate,https://arturo-lang.io/latest/documentation/library/iterators/enumerate,200
every?,iterators,https://arturo-lang.io/documentation/library/iterators/every-,200,https://arturo-lang.io/documentation/library/iterators/every-,https://arturo-lang.io/latest/documentation/library/iterators/every-,200
filter,iterators,https://arturo-lang.io/documentation/library/iterators/filter,200,https://arturo-lang.io/documentation/library/iterators/filter,https://arturo-lang.io/latest/documentation/library/iterators/filter,200
fold,iterators,https://arturo-lang.io/documentation/library/iterators/fold,200,https://arturo-lang.io/documentation/library/iterators/fold,https://arturo-lang.io/latest/documentation/library/iterators/fold,200
gather,iterators,https://arturo-lang.io/documentation/library/iterators/gather,200,https://arturo-lang.io/documentation/library/iterators/gather,https://arturo-lang.io/latest/documentation/library/iterators/gather,200
loop,iterators,https://arturo-lang.io/documentation/library/iterators/loop,200,https://arturo-lang.io/documentation/library/iterators/loop,https://arturo-lang.io/latest/documentation/library/iterators/loop,200
map,iterators,https://arturo-lang.io/documentation/library/iterators/map,200,https://arturo-lang.io/documentation/library/iterators/map,https://arturo-lang.io/latest/documentation/library/iterators/map,200
maximum,iterators,https://arturo-lang.io/documentation/library/iterators/maximum,200,https://arturo-lang.io/documentation/library/iterators/maximum,https://arturo-lang.io/latest/documentation/library/iterators/maximum,200
minimum,iterators,https://arturo-lang.io/documentation/library/iterators/minimum,200,https://arturo-lang.io/documentation/library/iterators/minimum,https://arturo-lang.io/latest/documentation/library/iterators/minimum,200
select,iterators,https://arturo-lang.io/documentation/library/iterators/select,200,https://arturo-lang.io/documentation/library/iterators/select,https://arturo-lang.io/latest/documentation/library/iterators/select,200
some?,iterators,https://arturo-lang.io/documentation/library/iterators/some-,200,https://arturo-lang.io/documentation/library/iterators/some-,https://arturo-lang.io/latest/documentation/library/iterators/some-,200
all?,logic,https://arturo-lang.io/documentation/library/logic/all-,200,https://arturo-lang.io/documentation/library/logic/all-,https://arturo-lang.io/latest/documentation/library/logic/all-,200
and?,logic,https://arturo-lang.io/documentation/library/logic/and-,200,https://arturo-lang.io/documentation/library/logic/and-,https://arturo-lang.io/latest/documentation/library/logic/and-,200
any?,logic,https://arturo-lang.io/documentation/library/logic/any-,200,https://arturo-lang.io/documentation/library/logic/any-,https://arturo-lang.io/latest/documentation/library/logic/any-,200
false,logic,https://arturo-lang.io/documentation/library/logic/false,200,https://arturo-lang.io/documentation/library/logic/false,https://arturo-lang.io/latest/documentation/library/logic/false,200
false?,logic,https://arturo-lang.io/documentation/library/logic/false-,200,https://arturo-lang.io/documentation/library/logic/false-,https://arturo-lang.io/latest/documentation/library/logic/false-,200
maybe,logic,https://arturo-lang.io/documentation/library/logic/maybe,200,https://arturo-lang.io/documentation/library/logic/maybe,https://arturo-lang.io/latest/documentation/library/logic/maybe,200
nand?,logic,https://arturo-lang.io/documentation/library/logic/nand-,200,https://arturo-lang.io/documentation/library/logic/nand-,https://arturo-lang.io/latest/documentation/library/logic/nand-,200
nor?,logic,https://arturo-lang.io/documentation/library/logic/nor-,200,https://arturo-lang.io/documentation/library/logic/nor-,https://arturo-lang.io/latest/documentation/library/logic/nor-,200
not?,logic,https://arturo-lang.io/documentation/library/logic/not-,200,https://arturo-lang.io/documentation/library/logic/not-,https://arturo-lang.io/latest/documentation/library/logic/not-,200
or?,logic,https://arturo-lang.io/documentation/library/logic/or-,200,https://arturo-lang.io/documentation/library/logic/or-,https://arturo-lang.io/latest/documentation/library/logic/or-,200
true,logic,https://arturo-lang.io/documentation/library/logic/true,200,https://arturo-lang.io/documentation/library/logic/true,https://arturo-lang.io/latest/documentation/library/logic/true,200
true?,logic,https://arturo-lang.io/documentation/library/logic/true-,200,https://arturo-lang.io/documentation/library/logic/true-,https://arturo-lang.io/latest/documentation/library/logic/true-,200
xnor?,logic,https://arturo-lang.io/documentation/library/logic/xnor-,200,https://arturo-lang.io/documentation/library/logic/xnor-,https://arturo-lang.io/latest/documentation/library/logic/xnor-,200
xor?,logic,https://arturo-lang.io/documentation/library/logic/xor-,200,https://arturo-lang.io/documentation/library/logic/xor-,https://arturo-lang.io/latest/documentation/library/logic/xor-,200
browse,net,https://arturo-lang.io/documentation/library/net/browse,200,https://arturo-lang.io/documentation/library/net/browse,https://arturo-lang.io/latest/documentation/library/net/browse,200
download,net,https://arturo-lang.io/documentation/library/net/download,200,https://arturo-lang.io/documentation/library/net/download,https://arturo-lang.io/latest/documentation/library/net/download,200
mail,net,https://arturo-lang.io/documentation/library/net/mail,200,https://arturo-lang.io/documentation/library/net/mail,https://arturo-lang.io/latest/documentation/library/net/mail,200
request,net,https://arturo-lang.io/documentation/library/net/request,200,https://arturo-lang.io/documentation/library/net/request,https://arturo-lang.io/latest/documentation/library/net/request,200
serve,net,https://arturo-lang.io/documentation/library/net/serve,200,https://arturo-lang.io/documentation/library/net/serve,https://arturo-lang.io/latest/documentation/library/net/serve,200
abs,numbers,https://arturo-lang.io/documentation/library/numbers/abs,200,https://arturo-lang.io/documentation/library/numbers/abs,https://arturo-lang.io/latest/documentation/library/numbers/abs,200
acos,numbers,https://arturo-lang.io/documentation/library/numbers/acos,200,https://arturo-lang.io/documentation/library/numbers/acos,https://arturo-lang.io/latest/documentation/library/numbers/acos,200
acosh,numbers,https://arturo-lang.io/documentation/library/numbers/acosh,200,https://arturo-lang.io/documentation/library/numbers/acosh,https://arturo-lang.io/latest/documentation/library/numbers/acosh,200
acsec,numbers,https://arturo-lang.io/documentation/library/numbers/acsec,200,https://arturo-lang.io/documentation/library/numbers/acsec,https://arturo-lang.io/latest/documentation/library/numbers/acsec,200
acsech,numbers,https://arturo-lang.io/documentation/library/numbers/acsech,200,https://arturo-lang.io/documentation/library/numbers/acsech,https://arturo-lang.io/latest/documentation/library/numbers/acsech,200
actan,numbers,https://arturo-lang.io/documentation/library/numbers/actan,200,https://arturo-lang.io/documentation/library/numbers/actan,https://arturo-lang.io/latest/documentation/library/numbers/actan,200
actanh,numbers,https://arturo-lang.io/documentation/library/numbers/actanh,200,https://arturo-lang.io/documentation/library/numbers/actanh,https://arturo-lang.io/latest/documentation/library/numbers/actanh,200
angle,numbers,https://arturo-lang.io/documentation/library/numbers/angle,200,https://arturo-lang.io/documentation/library/numbers/angle,https://arturo-lang.io/latest/documentation/library/numbers/angle,200
asec,numbers,https://arturo-lang.io/documentation/library/numbers/asec,200,https://arturo-lang.io/documentation/library/numbers/asec,https://arturo-lang.io/latest/documentation/library/numbers/asec,200
asech,numbers,https://arturo-lang.io/documentation/library/numbers/asech,200,https://arturo-lang.io/documentation/library/numbers/asech,https://arturo-lang.io/latest/documentation/library/numbers/asech,200
asin,numbers,https://arturo-lang.io/documentation/library/numbers/asin,200,https://arturo-lang.io/documentation/library/numbers/asin,https://arturo-lang.io/latest/documentation/library/numbers/asin,200
asinh,numbers,https://arturo-lang.io/documentation/library/numbers/asinh,200,https://arturo-lang.io/documentation/library/numbers/asinh,https://arturo-lang.io/latest/documentation/library/numbers/asinh,200
atan,numbers,https://arturo-lang.io/documentation/library/numbers/atan,200,https://arturo-lang.io/documentation/library/numbers/atan,https://arturo-lang.io/latest/documentation/library/numbers/atan,200
atan2,numbers,https://arturo-lang.io/documentation/library/numbers/atan2,200,https://arturo-lang.io/documentation/library/numbers/atan2,https://arturo-lang.io/latest/documentation/library/numbers/atan2,200
atanh,numbers,https://arturo-lang.io/documentation/library/numbers/atanh,200,https://arturo-lang.io/documentation/library/numbers/atanh,https://arturo-lang.io/latest/documentation/library/numbers/atanh,200
ceil,numbers,https://arturo-lang.io/documentation/library/numbers/ceil,200,https://arturo-lang.io/documentation/library/numbers/ceil,https://arturo-lang.io/latest/documentation/library/numbers/ceil,200
clamp,numbers,https://arturo-lang.io/documentation/library/numbers/clamp,200,https://arturo-lang.io/documentation/library/numbers/clamp,https://arturo-lang.io/latest/documentation/library/numbers/clamp,200
conj,numbers,https://arturo-lang.io/documentation/library/numbers/conj,200,https://arturo-lang.io/documentation/library/numbers/conj,https://arturo-lang.io/latest/documentation/library/numbers/conj,200
cos,numbers,https://arturo-lang.io/documentation/library/numbers/cos,200,https://arturo-lang.io/documentation/library/numbers/cos,https://arturo-lang.io/latest/documentation/library/numbers/cos,200
cosh,numbers,https://arturo-lang.io/documentation/library/numbers/cosh,200,https://arturo-lang.io/documentation/library/numbers/cosh,https://arturo-lang.io/latest/documentation/library/numbers/cosh,200
csec,numbers,https://arturo-lang.io/documentation/library/numbers/csec,200,https://arturo-lang.io/documentation/library/numbers/csec,https://arturo-lang.io/latest/documentation/library/numbers/csec,200
csech,numbers,https://arturo-lang.io/documentation/library/numbers/csech,200,https://arturo-lang.io/documentation/library/numbers/csech,https://arturo-lang.io/latest/documentation/library/numbers/csech,200
ctan,numbers,https://arturo-lang.io/documentation/library/numbers/ctan,200,https://arturo-lang.io/documentation/library/numbers/ctan,https://arturo-lang.io/latest/documentation/library/numbers/ctan,200
ctanh,numbers,https://arturo-lang.io/documentation/library/numbers/ctanh,200,https://arturo-lang.io/documentation/library/numbers/ctanh,https://arturo-lang.io/latest/documentation/library/numbers/ctanh,200
denominator,numbers,https://arturo-lang.io/documentation/library/numbers/denominator,200,https://arturo-lang.io/documentation/library/numbers/denominator,https://arturo-lang.io/latest/documentation/library/numbers/denominator,200
digits,numbers,https://arturo-lang.io/documentation/library/numbers/digits,200,https://arturo-lang.io/documentation/library/numbers/digits,https://arturo-lang.io/latest/documentation/library/numbers/digits,200
epsilon,numbers,https://arturo-lang.io/documentation/library/numbers/epsilon,200,https://arturo-lang.io/documentation/library/numbers/epsilon,https://arturo-lang.io/latest/documentation/library/numbers/epsilon,200
even?,numbers,https://arturo-lang.io/documentation/library/numbers/even-,200,https://arturo-lang.io/documentation/library/numbers/even-,https://arturo-lang.io/latest/documentation/library/numbers/even-,200
exp,numbers,https://arturo-lang.io/documentation/library/numbers/exp,200,https://arturo-lang.io/documentation/library/numbers/exp,https://arturo-lang.io/latest/documentation/library/numbers/exp,200
factorial,numbers,https://arturo-lang.io/documentation/library/numbers/factorial,200,https://arturo-lang.io/documentation/library/numbers/factorial,https://arturo-lang.io/latest/documentation/library/numbers/factorial,200
factors,numbers,https://arturo-lang.io/documentation/library/numbers/factors,200,https://arturo-lang.io/documentation/library/numbers/factors,https://arturo-lang.io/latest/documentation/library/numbers/factors,200
floor,numbers,https://arturo-lang.io/documentation/library/numbers/floor,200,https://arturo-lang.io/documentation/library/numbers/floor,https://arturo-lang.io/latest/documentation/library/numbers/floor,200
gamma,numbers,https://arturo-lang.io/documentation/library/numbers/gamma,200,https://arturo-lang.io/documentation/library/numbers/gamma,https://arturo-lang.io/latest/documentation/library/numbers/gamma,200
gcd,numbers,https://arturo-lang.io/documentation/library/numbers/gcd,200,https://arturo-lang.io/documentation/library/numbers/gcd,https://arturo-lang.io/latest/documentation/library/numbers/gcd,200
hypot,numbers,https://arturo-lang.io/documentation/library/numbers/hypot,200,https://arturo-lang.io/documentation/library/numbers/hypot,https://arturo-lang.io/latest/documentation/library/numbers/hypot,200
infinite,numbers,https://arturo-lang.io/documentation/library/numbers/infinite,200,https://arturo-lang.io/documentation/library/numbers/infinite,https://arturo-lang.io/latest/documentation/library/numbers/infinite,200
infinite?,numbers,https://arturo-lang.io/documentation/library/numbers/infinite-,200,https://arturo-lang.io/documentation/library/numbers/infinite-,https://arturo-lang.io/latest/documentation/library/numbers/infinite-,200
lcm,numbers,https://arturo-lang.io/documentation/library/numbers/lcm,200,https://arturo-lang.io/documentation/library/numbers/lcm,https://arturo-lang.io/latest/documentation/library/numbers/lcm,200
ln,numbers,https://arturo-lang.io/documentation/library/numbers/ln,200,https://arturo-lang.io/documentation/library/numbers/ln,https://arturo-lang.io/latest/documentation/library/numbers/ln,200
log,numbers,https://arturo-lang.io/documentation/library/numbers/log,200,https://arturo-lang.io/documentation/library/numbers/log,https://arturo-lang.io/latest/documentation/library/numbers/log,200
negative?,numbers,https://arturo-lang.io/documentation/library/numbers/negative-,200,https://arturo-lang.io/documentation/library/numbers/negative-,https://arturo-lang.io/latest/documentation/library/numbers/negative-,200
numerator,numbers,https://arturo-lang.io/documentation/library/numbers/numerator,200,https://arturo-lang.io/documentation/library/numbers/numerator,https://arturo-lang.io/latest/documentation/library/numbers/numerator,200
odd?,numbers,https://arturo-lang.io/documentation/library/numbers/odd-,200,https://arturo-lang.io/documentation/library/numbers/odd-,https://arturo-lang.io/latest/documentation/library/numbers/odd-,200
pi,numbers,https://arturo-lang.io/documentation/library/numbers/pi,200,https://arturo-lang.io/documentation/library/numbers/pi,https://arturo-lang.io/latest/documentation/library/numbers/pi,200
positive?,numbers,https://arturo-lang.io/documentation/library/numbers/positive-,200,https://arturo-lang.io/documentation/library/numbers/positive-,https://arturo-lang.io/latest/documentation/library/numbers/positive-,200
powmod,numbers,https://arturo-lang.io/documentation/library/numbers/powmod,200,https://arturo-lang.io/documentation/library/numbers/powmod,https://arturo-lang.io/latest/documentation/library/numbers/powmod,200
prime?,numbers,https://arturo-lang.io/documentation/library/numbers/prime-,200,https://arturo-lang.io/documentation/library/numbers/prime-,https://arturo-lang.io/latest/documentation/library/numbers/prime-,200
product,numbers,https://arturo-lang.io/documentation/library/numbers/product,200,https://arturo-lang.io/documentation/library/numbers/product,https://arturo-lang.io/latest/documentation/library/numbers/product,200
random,numbers,https://arturo-lang.io/documentation/library/numbers/random,200,https://arturo-lang.io/documentation/library/numbers/random,https://arturo-lang.io/latest/documentation/library/numbers/random,200
reciprocal,numbers,https://arturo-lang.io/documentation/library/numbers/reciprocal,200,https://arturo-lang.io/documentation/library/numbers/reciprocal,https://arturo-lang.io/latest/documentation/library/numbers/reciprocal,200
round,numbers,https://arturo-lang.io/documentation/library/numbers/round,200,https://arturo-lang.io/documentation/library/numbers/round,https://arturo-lang.io/latest/documentation/library/numbers/round,200
sec,numbers,https://arturo-lang.io/documentation/library/numbers/sec,200,https://arturo-lang.io/documentation/library/numbers/sec,https://arturo-lang.io/latest/documentation/library/numbers/sec,200
sech,numbers,https://arturo-lang.io/documentation/library/numbers/sech,200,https://arturo-lang.io/documentation/library/numbers/sech,https://arturo-lang.io/latest/documentation/library/numbers/sech,200
sin,numbers,https://arturo-lang.io/documentation/library/numbers/sin,200,https://arturo-lang.io/documentation/library/numbers/sin,https://arturo-lang.io/latest/documentation/library/numbers/sin,200
sinh,numbers,https://arturo-lang.io/documentation/library/numbers/sinh,200,https://arturo-lang.io/documentation/library/numbers/sinh,https://arturo-lang.io/latest/documentation/library/numbers/sinh,200
sqrt,numbers,https://arturo-lang.io/documentation/library/numbers/sqrt,200,https://arturo-lang.io/documentation/library/numbers/sqrt,https://arturo-lang.io/latest/documentation/library/numbers/sqrt,200
sum,numbers,https://arturo-lang.io/documentation/library/numbers/sum,200,https://arturo-lang.io/documentation/library/numbers/sum,https://arturo-lang.io/latest/documentation/library/numbers/sum,200
tan,numbers,https://arturo-lang.io/documentation/library/numbers/tan,200,https://arturo-lang.io/documentation/library/numbers/tan,https://arturo-lang.io/latest/documentation/library/numbers/tan,200
tanh,numbers,https://arturo-lang.io/documentation/library/numbers/tanh,200,https://arturo-lang.io/documentation/library/numbers/tanh,https://arturo-lang.io/latest/documentation/library/numbers/tanh,200
tau,numbers,https://arturo-lang.io/documentation/library/numbers/tau,200,https://arturo-lang.io/documentation/library/numbers/tau,https://arturo-lang.io/latest/documentation/library/numbers/tau,200
absolute,paths,https://arturo-lang.io/documentation/library/paths/absolute,200,https://arturo-lang.io/documentation/library/paths/absolute,https://arturo-lang.io/latest/documentation/library/paths/absolute,200
absolute?,paths,https://arturo-lang.io/documentation/library/paths/absolute-,200,https://arturo-lang.io/documentation/library/paths/absolute-,https://arturo-lang.io/latest/documentation/library/paths/absolute-,200
extract,paths,https://arturo-lang.io/documentation/library/paths/extract,200,https://arturo-lang.io/documentation/library/paths/extract,https://arturo-lang.io/latest/documentation/library/paths/extract,200
list,paths,https://arturo-lang.io/documentation/library/paths/list,200,https://arturo-lang.io/documentation/library/paths/list,https://arturo-lang.io/latest/documentation/library/paths/list,200
normalize,paths,https://arturo-lang.io/documentation/library/paths/normalize,200,https://arturo-lang.io/documentation/library/paths/normalize,https://arturo-lang.io/latest/documentation/library/paths/normalize,200
relative,paths,https://arturo-lang.io/documentation/library/paths/relative,200,https://arturo-lang.io/documentation/library/paths/relative,https://arturo-lang.io/latest/documentation/library/paths/relative,200
acceleration?,quantities,https://arturo-lang.io/documentation/library/quantities/acceleration-,200,https://arturo-lang.io/documentation/library/quantities/acceleration-,https://arturo-lang.io/latest/documentation/library/quantities/acceleration-,200
action?,quantities,https://arturo-lang.io/documentation/library/quantities/action-,200,https://arturo-lang.io/documentation/library/quantities/action-,https://arturo-lang.io/latest/documentation/library/quantities/action-,200
alphaParticleMass,quantities,https://arturo-lang.io/documentation/library/quantities/alphaparticlemass,200,https://arturo-lang.io/documentation/library/quantities/alphaparticlemass,https://arturo-lang.io/latest/documentation/library/quantities/alphaparticlemass,200
angle?,quantities,https://arturo-lang.io/documentation/library/quantities/angle-,200,https://arturo-lang.io/documentation/library/quantities/angle-,https://arturo-lang.io/latest/documentation/library/quantities/angle-,200
angstromStar,quantities,https://arturo-lang.io/documentation/library/quantities/angstromstar,200,https://arturo-lang.io/documentation/library/quantities/angstromstar,https://arturo-lang.io/latest/documentation/library/quantities/angstromstar,200
angularVelocity?,quantities,https://arturo-lang.io/documentation/library/quantities/angularvelocity-,200,https://arturo-lang.io/documentation/library/quantities/angularvelocity-,https://arturo-lang.io/latest/documentation/library/quantities/angularvelocity-,200
area?,quantities,https://arturo-lang.io/documentation/library/quantities/area-,200,https://arturo-lang.io/documentation/library/quantities/area-,https://arturo-lang.io/latest/documentation/library/quantities/area-,200
areaDensity?,quantities,https://arturo-lang.io/documentation/library/quantities/areadensity-,200,https://arturo-lang.io/documentation/library/quantities/areadensity-,https://arturo-lang.io/latest/documentation/library/quantities/areadensity-,200
atomicMass,quantities,https://arturo-lang.io/documentation/library/quantities/atomicmass,200,https://arturo-lang.io/documentation/library/quantities/atomicmass,https://arturo-lang.io/latest/documentation/library/quantities/atomicmass,200
avogadroConstant,quantities,https://arturo-lang.io/documentation/library/quantities/avogadroconstant,200,https://arturo-lang.io/documentation/library/quantities/avogadroconstant,https://arturo-lang.io/latest/documentation/library/quantities/avogadroconstant,200
bohrRadius,quantities,https://arturo-lang.io/documentation/library/quantities/bohrradius,200,https://arturo-lang.io/documentation/library/quantities/bohrradius,https://arturo-lang.io/latest/documentation/library/quantities/bohrradius,200
boltzmannConstant,quantities,https://arturo-lang.io/documentation/library/quantities/boltzmannconstant,200,https://arturo-lang.io/documentation/library/quantities/boltzmannconstant,https://arturo-lang.io/latest/documentation/library/quantities/boltzmannconstant,200
capacitance?,quantities,https://arturo-lang.io/documentation/library/quantities/capacitance-,200,https://arturo-lang.io/documentation/library/quantities/capacitance-,https://arturo-lang.io/latest/documentation/library/quantities/capacitance-,200
charge?,quantities,https://arturo-lang.io/documentation/library/quantities/charge-,200,https://arturo-lang.io/documentation/library/quantities/charge-,https://arturo-lang.io/latest/documentation/library/quantities/charge-,200
classicalElectronRadius,quantities,https://arturo-lang.io/documentation/library/quantities/classicalelectronradius,200,https://arturo-lang.io/documentation/library/quantities/classicalelectronradius,https://arturo-lang.io/latest/documentation/library/quantities/classicalelectronradius,200
conductance?,quantities,https://arturo-lang.io/documentation/library/quantities/conductance-,200,https://arturo-lang.io/documentation/library/quantities/conductance-,https://arturo-lang.io/latest/documentation/library/quantities/conductance-,200
conductanceQuantum,quantities,https://arturo-lang.io/documentation/library/quantities/conductancequantum,200,https://arturo-lang.io/documentation/library/quantities/conductancequantum,https://arturo-lang.io/latest/documentation/library/quantities/conductancequantum,200
conforms?,quantities,https://arturo-lang.io/documentation/library/quantities/conforms-,200,https://arturo-lang.io/documentation/library/quantities/conforms-,https://arturo-lang.io/latest/documentation/library/quantities/conforms-,200
convert,quantities,https://arturo-lang.io/documentation/library/quantities/convert,200,https://arturo-lang.io/documentation/library/quantities/convert,https://arturo-lang.io/latest/documentation/library/quantities/convert,200
currency?,quantities,https://arturo-lang.io/documentation/library/quantities/currency-,200,https://arturo-lang.io/documentation/library/quantities/currency-,https://arturo-lang.io/latest/documentation/library/quantities/currency-,200
current?,quantities,https://arturo-lang.io/documentation/library/quantities/current-,200,https://arturo-lang.io/documentation/library/quantities/current-,https://arturo-lang.io/latest/documentation/library/quantities/current-,200
currentDensity?,quantities,https://arturo-lang.io/documentation/library/quantities/currentdensity-,200,https://arturo-lang.io/documentation/library/quantities/currentdensity-,https://arturo-lang.io/latest/documentation/library/quantities/currentdensity-,200
dataTransferRate?,quantities,https://arturo-lang.io/documentation/library/quantities/datatransferrate-,200,https://arturo-lang.io/documentation/library/quantities/datatransferrate-,https://arturo-lang.io/latest/documentation/library/quantities/datatransferrate-,200
density?,quantities,https://arturo-lang.io/documentation/library/quantities/density-,200,https://arturo-lang.io/documentation/library/quantities/density-,https://arturo-lang.io/latest/documentation/library/quantities/density-,200
deuteronMass,quantities,https://arturo-lang.io/documentation/library/quantities/deuteronmass,200,https://arturo-lang.io/documentation/library/quantities/deuteronmass,https://arturo-lang.io/latest/documentation/library/quantities/deuteronmass,200
elastance?,quantities,https://arturo-lang.io/documentation/library/quantities/elastance-,200,https://arturo-lang.io/documentation/library/quantities/elastance-,https://arturo-lang.io/latest/documentation/library/quantities/elastance-,200
electricField?,quantities,https://arturo-lang.io/documentation/library/quantities/electricfield-,200,https://arturo-lang.io/documentation/library/quantities/electricfield-,https://arturo-lang.io/latest/documentation/library/quantities/electricfield-,200
electricityPrice?,quantities,https://arturo-lang.io/documentation/library/quantities/electricityprice-,200,https://arturo-lang.io/documentation/library/quantities/electricityprice-,https://arturo-lang.io/latest/documentation/library/quantities/electricityprice-,200
electronCharge,quantities,https://arturo-lang.io/documentation/library/quantities/electroncharge,200,https://arturo-lang.io/documentation/library/quantities/electroncharge,https://arturo-lang.io/latest/documentation/library/quantities/electroncharge,200
electronMass,quantities,https://arturo-lang.io/documentation/library/quantities/electronmass,200,https://arturo-lang.io/documentation/library/quantities/electronmass,https://arturo-lang.io/latest/documentation/library/quantities/electronmass,200
electronMassEnergy,quantities,https://arturo-lang.io/documentation/library/quantities/electronmassenergy,200,https://arturo-lang.io/documentation/library/quantities/electronmassenergy,https://arturo-lang.io/latest/documentation/library/quantities/electronmassenergy,200
energy?,quantities,https://arturo-lang.io/documentation/library/quantities/energy-,200,https://arturo-lang.io/documentation/library/quantities/energy-,https://arturo-lang.io/latest/documentation/library/quantities/energy-,200
entropy?,quantities,https://arturo-lang.io/documentation/library/quantities/entropy-,200,https://arturo-lang.io/documentation/library/quantities/entropy-,https://arturo-lang.io/latest/documentation/library/quantities/entropy-,200
force?,quantities,https://arturo-lang.io/documentation/library/quantities/force-,200,https://arturo-lang.io/documentation/library/quantities/force-,https://arturo-lang.io/latest/documentation/library/quantities/force-,200
frequency?,quantities,https://arturo-lang.io/documentation/library/quantities/frequency-,200,https://arturo-lang.io/documentation/library/quantities/frequency-,https://arturo-lang.io/latest/documentation/library/quantities/frequency-,200
gravitationalConstant,quantities,https://arturo-lang.io/documentation/library/quantities/gravitationalconstant,200,https://arturo-lang.io/documentation/library/quantities/gravitationalconstant,https://arturo-lang.io/latest/documentation/library/quantities/gravitationalconstant,200
hartreeEnergy,quantities,https://arturo-lang.io/documentation/library/quantities/hartreeenergy,200,https://arturo-lang.io/documentation/library/quantities/hartreeenergy,https://arturo-lang.io/latest/documentation/library/quantities/hartreeenergy,200
heatFlux?,quantities,https://arturo-lang.io/documentation/library/quantities/heatflux-,200,https://arturo-lang.io/documentation/library/quantities/heatflux-,https://arturo-lang.io/latest/documentation/library/quantities/heatflux-,200
helionMass,quantities,https://arturo-lang.io/documentation/library/quantities/helionmass,200,https://arturo-lang.io/documentation/library/quantities/helionmass,https://arturo-lang.io/latest/documentation/library/quantities/helionmass,200
illuminance?,quantities,https://arturo-lang.io/documentation/library/quantities/illuminance-,200,https://arturo-lang.io/documentation/library/quantities/illuminance-,https://arturo-lang.io/latest/documentation/library/quantities/illuminance-,200
impedanceOfVacuum,quantities,https://arturo-lang.io/documentation/library/quantities/impedanceofvacuum,200,https://arturo-lang.io/documentation/library/quantities/impedanceofvacuum,https://arturo-lang.io/latest/documentation/library/quantities/impedanceofvacuum,200
in,quantities,https://arturo-lang.io/documentation/library/quantities/in,200,https://arturo-lang.io/documentation/library/quantities/in,https://arturo-lang.io/latest/documentation/library/quantities/in,200
inductance?,quantities,https://arturo-lang.io/documentation/library/quantities/inductance-,200,https://arturo-lang.io/documentation/library/quantities/inductance-,https://arturo-lang.io/latest/documentation/library/quantities/inductance-,200
information?,quantities,https://arturo-lang.io/documentation/library/quantities/information-,200,https://arturo-lang.io/documentation/library/quantities/information-,https://arturo-lang.io/latest/documentation/library/quantities/information-,200
inverseConductanceQuantum,quantities,https://arturo-lang.io/documentation/library/quantities/inverseconductancequantum,200,https://arturo-lang.io/documentation/library/quantities/inverseconductancequantum,https://arturo-lang.io/latest/documentation/library/quantities/inverseconductancequantum,200
jerk?,quantities,https://arturo-lang.io/documentation/library/quantities/jerk-,200,https://arturo-lang.io/documentation/library/quantities/jerk-,https://arturo-lang.io/latest/documentation/library/quantities/jerk-,200
josephsonConstant,quantities,https://arturo-lang.io/documentation/library/quantities/josephsonconstant,200,https://arturo-lang.io/documentation/library/quantities/josephsonconstant,https://arturo-lang.io/latest/documentation/library/quantities/josephsonconstant,200
kinematicViscosity?,quantities,https://arturo-lang.io/documentation/library/quantities/kinematicviscosity-,200,https://arturo-lang.io/documentation/library/quantities/kinematicviscosity-,https://arturo-lang.io/latest/documentation/library/quantities/kinematicviscosity-,200
length?,quantities,https://arturo-lang.io/documentation/library/quantities/length-,200,https://arturo-lang.io/documentation/library/quantities/length-,https://arturo-lang.io/latest/documentation/library/quantities/length-,200
luminosity?,quantities,https://arturo-lang.io/documentation/library/quantities/luminosity-,200,https://arturo-lang.io/documentation/library/quantities/luminosity-,https://arturo-lang.io/latest/documentation/library/quantities/luminosity-,200
luminousFlux?,quantities,https://arturo-lang.io/documentation/library/quantities/luminousflux-,200,https://arturo-lang.io/documentation/library/quantities/luminousflux-,https://arturo-lang.io/latest/documentation/library/quantities/luminousflux-,200
magneticFieldStrength?,quantities,https://arturo-lang.io/documentation/library/quantities/magneticfieldstrength-,200,https://arturo-lang.io/documentation/library/quantities/magneticfieldstrength-,https://arturo-lang.io/latest/documentation/library/quantities/magneticfieldstrength-,200
magneticFlux?,quantities,https://arturo-lang.io/documentation/library/quantities/magneticflux-,200,https://arturo-lang.io/documentation/library/quantities/magneticflux-,https://arturo-lang.io/latest/documentation/library/quantities/magneticflux-,200
magneticFluxDensity?,quantities,https://arturo-lang.io/documentation/library/quantities/magneticfluxdensity-,200,https://arturo-lang.io/documentation/library/quantities/magneticfluxdensity-,https://arturo-lang.io/latest/documentation/library/quantities/magneticfluxdensity-,200
magneticFluxQuantum,quantities,https://arturo-lang.io/documentation/library/quantities/magneticfluxquantum,200,https://arturo-lang.io/documentation/library/quantities/magneticfluxquantum,https://arturo-lang.io/latest/documentation/library/quantities/magneticfluxquantum,200
mass?,quantities,https://arturo-lang.io/documentation/library/quantities/mass-,200,https://arturo-lang.io/documentation/library/quantities/mass-,https://arturo-lang.io/latest/documentation/library/quantities/mass-,200
massFlowRate?,quantities,https://arturo-lang.io/documentation/library/quantities/massflowrate-,200,https://arturo-lang.io/documentation/library/quantities/massflowrate-,https://arturo-lang.io/latest/documentation/library/quantities/massflowrate-,200
molarConcentration?,quantities,https://arturo-lang.io/documentation/library/quantities/molarconcentration-,200,https://arturo-lang.io/documentation/library/quantities/molarconcentration-,https://arturo-lang.io/latest/documentation/library/quantities/molarconcentration-,200
molarGasConstant,quantities,https://arturo-lang.io/documentation/library/quantities/molargasconstant,200,https://arturo-lang.io/documentation/library/quantities/molargasconstant,https://arturo-lang.io/latest/documentation/library/quantities/molargasconstant,200
moleFlowRate?,quantities,https://arturo-lang.io/documentation/library/quantities/moleflowrate-,200,https://arturo-lang.io/documentation/library/quantities/moleflowrate-,https://arturo-lang.io/latest/documentation/library/quantities/moleflowrate-,200
momentofInertia?,quantities,https://arturo-lang.io/documentation/library/quantities/momentofinertia-,200,https://arturo-lang.io/documentation/library/quantities/momentofinertia-,https://arturo-lang.io/latest/documentation/library/quantities/momentofinertia-,200
momentum?,quantities,https://arturo-lang.io/documentation/library/quantities/momentum-,200,https://arturo-lang.io/documentation/library/quantities/momentum-,https://arturo-lang.io/latest/documentation/library/quantities/momentum-,200
muonMass,quantities,https://arturo-lang.io/documentation/library/quantities/muonmass,200,https://arturo-lang.io/documentation/library/quantities/muonmass,https://arturo-lang.io/latest/documentation/library/quantities/muonmass,200
neutronMass,quantities,https://arturo-lang.io/documentation/library/quantities/neutronmass,200,https://arturo-lang.io/documentation/library/quantities/neutronmass,https://arturo-lang.io/latest/documentation/library/quantities/neutronmass,200
permeability?,quantities,https://arturo-lang.io/documentation/library/quantities/permeability-,200,https://arturo-lang.io/documentation/library/quantities/permeability-,https://arturo-lang.io/latest/documentation/library/quantities/permeability-,200
permittivity?,quantities,https://arturo-lang.io/documentation/library/quantities/permittivity-,200,https://arturo-lang.io/documentation/library/quantities/permittivity-,https://arturo-lang.io/latest/documentation/library/quantities/permittivity-,200
planckConstant,quantities,https://arturo-lang.io/documentation/library/quantities/planckconstant,200,https://arturo-lang.io/documentation/library/quantities/planckconstant,https://arturo-lang.io/latest/documentation/library/quantities/planckconstant,200
planckLength,quantities,https://arturo-lang.io/documentation/library/quantities/plancklength,200,https://arturo-lang.io/documentation/library/quantities/plancklength,https://arturo-lang.io/latest/documentation/library/quantities/plancklength,200
planckMass,quantities,https://arturo-lang.io/documentation/library/quantities/planckmass,200,https://arturo-lang.io/documentation/library/quantities/planckmass,https://arturo-lang.io/latest/documentation/library/quantities/planckmass,200
planckTemperature,quantities,https://arturo-lang.io/documentation/library/quantities/plancktemperature,200,https://arturo-lang.io/documentation/library/quantities/plancktemperature,https://arturo-lang.io/latest/documentation/library/quantities/plancktemperature,200
planckTime,quantities,https://arturo-lang.io/documentation/library/quantities/plancktime,200,https://arturo-lang.io/documentation/library/quantities/plancktime,https://arturo-lang.io/latest/documentation/library/quantities/plancktime,200
potential?,quantities,https://arturo-lang.io/documentation/library/quantities/potential-,200,https://arturo-lang.io/documentation/library/quantities/potential-,https://arturo-lang.io/latest/documentation/library/quantities/potential-,200
power?,quantities,https://arturo-lang.io/documentation/library/quantities/power-,200,https://arturo-lang.io/documentation/library/quantities/power-,https://arturo-lang.io/latest/documentation/library/quantities/power-,200
pressure?,quantities,https://arturo-lang.io/documentation/library/quantities/pressure-,200,https://arturo-lang.io/documentation/library/quantities/pressure-,https://arturo-lang.io/latest/documentation/library/quantities/pressure-,200
property,quantities,https://arturo-lang.io/documentation/library/quantities/property,200,https://arturo-lang.io/documentation/library/quantities/property,https://arturo-lang.io/latest/documentation/library/quantities/property,200
protonMass,quantities,https://arturo-lang.io/documentation/library/quantities/protonmass,200,https://arturo-lang.io/documentation/library/quantities/protonmass,https://arturo-lang.io/latest/documentation/library/quantities/protonmass,200
protonMassEnergy,quantities,https://arturo-lang.io/documentation/library/quantities/protonmassenergy,200,https://arturo-lang.io/documentation/library/quantities/protonmassenergy,https://arturo-lang.io/latest/documentation/library/quantities/protonmassenergy,200
radiation?,quantities,https://arturo-lang.io/documentation/library/quantities/radiation-,200,https://arturo-lang.io/documentation/library/quantities/radiation-,https://arturo-lang.io/latest/documentation/library/quantities/radiation-,200
radiationExposure?,quantities,https://arturo-lang.io/documentation/library/quantities/radiationexposure-,200,https://arturo-lang.io/documentation/library/quantities/radiationexposure-,https://arturo-lang.io/latest/documentation/library/quantities/radiationexposure-,200
reducedPlanckConstant,quantities,https://arturo-lang.io/documentation/library/quantities/reducedplanckconstant,200,https://arturo-lang.io/documentation/library/quantities/reducedplanckconstant,https://arturo-lang.io/latest/documentation/library/quantities/reducedplanckconstant,200
resistance?,quantities,https://arturo-lang.io/documentation/library/quantities/resistance-,200,https://arturo-lang.io/documentation/library/quantities/resistance-,https://arturo-lang.io/latest/documentation/library/quantities/resistance-,200
resistivity?,quantities,https://arturo-lang.io/documentation/library/quantities/resistivity-,200,https://arturo-lang.io/documentation/library/quantities/resistivity-,https://arturo-lang.io/latest/documentation/library/quantities/resistivity-,200
rydbergConstant,quantities,https://arturo-lang.io/documentation/library/quantities/rydbergconstant,200,https://arturo-lang.io/documentation/library/quantities/rydbergconstant,https://arturo-lang.io/latest/documentation/library/quantities/rydbergconstant,200
salary?,quantities,https://arturo-lang.io/documentation/library/quantities/salary-,200,https://arturo-lang.io/documentation/library/quantities/salary-,https://arturo-lang.io/latest/documentation/library/quantities/salary-,200
scalar,quantities,https://arturo-lang.io/documentation/library/quantities/scalar,200,https://arturo-lang.io/documentation/library/quantities/scalar,https://arturo-lang.io/latest/documentation/library/quantities/scalar,200
snap?,quantities,https://arturo-lang.io/documentation/library/quantities/snap-,200,https://arturo-lang.io/documentation/library/quantities/snap-,https://arturo-lang.io/latest/documentation/library/quantities/snap-,200
solidAngle?,quantities,https://arturo-lang.io/documentation/library/quantities/solidangle-,200,https://arturo-lang.io/documentation/library/quantities/solidangle-,https://arturo-lang.io/latest/documentation/library/quantities/solidangle-,200
specificVolume?,quantities,https://arturo-lang.io/documentation/library/quantities/specificvolume-,200,https://arturo-lang.io/documentation/library/quantities/specificvolume-,https://arturo-lang.io/latest/documentation/library/quantities/specificvolume-,200
specify,quantities,https://arturo-lang.io/documentation/library/quantities/specify,200,https://arturo-lang.io/documentation/library/quantities/specify,https://arturo-lang.io/latest/documentation/library/quantities/specify,200
speed?,quantities,https://arturo-lang.io/documentation/library/quantities/speed-,200,https://arturo-lang.io/documentation/library/quantities/speed-,https://arturo-lang.io/latest/documentation/library/quantities/speed-,200
speedOfLight,quantities,https://arturo-lang.io/documentation/library/quantities/speedoflight,200,https://arturo-lang.io/documentation/library/quantities/speedoflight,https://arturo-lang.io/latest/documentation/library/quantities/speedoflight,200
standardGasVolume,quantities,https://arturo-lang.io/documentation/library/quantities/standardgasvolume,200,https://arturo-lang.io/documentation/library/quantities/standardgasvolume,https://arturo-lang.io/latest/documentation/library/quantities/standardgasvolume,200
standardPressure,quantities,https://arturo-lang.io/documentation/library/quantities/standardpressure,200,https://arturo-lang.io/documentation/library/quantities/standardpressure,https://arturo-lang.io/latest/documentation/library/quantities/standardpressure,200
standardTemperature,quantities,https://arturo-lang.io/documentation/library/quantities/standardtemperature,200,https://arturo-lang.io/documentation/library/quantities/standardtemperature,https://arturo-lang.io/latest/documentation/library/quantities/standardtemperature,200
substance?,quantities,https://arturo-lang.io/documentation/library/quantities/substance-,200,https://arturo-lang.io/documentation/library/quantities/substance-,https://arturo-lang.io/latest/documentation/library/quantities/substance-,200
surfaceTension?,quantities,https://arturo-lang.io/documentation/library/quantities/surfacetension-,200,https://arturo-lang.io/documentation/library/quantities/surfacetension-,https://arturo-lang.io/latest/documentation/library/quantities/surfacetension-,200
tauMass,quantities,https://arturo-lang.io/documentation/library/quantities/taumass,200,https://arturo-lang.io/documentation/library/quantities/taumass,https://arturo-lang.io/latest/documentation/library/quantities/taumass,200
temperature?,quantities,https://arturo-lang.io/documentation/library/quantities/temperature-,200,https://arturo-lang.io/documentation/library/quantities/temperature-,https://arturo-lang.io/latest/documentation/library/quantities/temperature-,200
thermalConductivity?,quantities,https://arturo-lang.io/documentation/library/quantities/thermalconductivity-,200,https://arturo-lang.io/documentation/library/quantities/thermalconductivity-,https://arturo-lang.io/latest/documentation/library/quantities/thermalconductivity-,200
thermalInsulance?,quantities,https://arturo-lang.io/documentation/library/quantities/thermalinsulance-,200,https://arturo-lang.io/documentation/library/quantities/thermalinsulance-,https://arturo-lang.io/latest/documentation/library/quantities/thermalinsulance-,200
thomsonCrossSection,quantities,https://arturo-lang.io/documentation/library/quantities/thomsoncrosssection,200,https://arturo-lang.io/documentation/library/quantities/thomsoncrosssection,https://arturo-lang.io/latest/documentation/library/quantities/thomsoncrosssection,200
time?,quantities,https://arturo-lang.io/documentation/library/quantities/time-,200,https://arturo-lang.io/documentation/library/quantities/time-,https://arturo-lang.io/latest/documentation/library/quantities/time-,200
tritonMass,quantities,https://arturo-lang.io/documentation/library/quantities/tritonmass,200,https://arturo-lang.io/documentation/library/quantities/tritonmass,https://arturo-lang.io/latest/documentation/library/quantities/tritonmass,200
unitless?,quantities,https://arturo-lang.io/documentation/library/quantities/unitless-,200,https://arturo-lang.io/documentation/library/quantities/unitless-,https://arturo-lang.io/latest/documentation/library/quantities/unitless-,200
units,quantities,https://arturo-lang.io/documentation/library/quantities/units,200,https://arturo-lang.io/documentation/library/quantities/units,https://arturo-lang.io/latest/documentation/library/quantities/units,200
vacuumPermeability,quantities,https://arturo-lang.io/documentation/library/quantities/vacuumpermeability,200,https://arturo-lang.io/documentation/library/quantities/vacuumpermeability,https://arturo-lang.io/latest/documentation/library/quantities/vacuumpermeability,200
vacuumPermittivity,quantities,https://arturo-lang.io/documentation/library/quantities/vacuumpermittivity,200,https://arturo-lang.io/documentation/library/quantities/vacuumpermittivity,https://arturo-lang.io/latest/documentation/library/quantities/vacuumpermittivity,200
viscosity?,quantities,https://arturo-lang.io/documentation/library/quantities/viscosity-,200,https://arturo-lang.io/documentation/library/quantities/viscosity-,https://arturo-lang.io/latest/documentation/library/quantities/viscosity-,200
volume?,quantities,https://arturo-lang.io/documentation/library/quantities/volume-,200,https://arturo-lang.io/documentation/library/quantities/volume-,https://arturo-lang.io/latest/documentation/library/quantities/volume-,200
volumetricFlow?,quantities,https://arturo-lang.io/documentation/library/quantities/volumetricflow-,200,https://arturo-lang.io/documentation/library/quantities/volumetricflow-,https://arturo-lang.io/latest/documentation/library/quantities/volumetricflow-,200
vonKlitzingConstant,quantities,https://arturo-lang.io/documentation/library/quantities/vonklitzingconstant,200,https://arturo-lang.io/documentation/library/quantities/vonklitzingconstant,https://arturo-lang.io/latest/documentation/library/quantities/vonklitzingconstant,200
waveNumber?,quantities,https://arturo-lang.io/documentation/library/quantities/wavenumber-,200,https://arturo-lang.io/documentation/library/quantities/wavenumber-,https://arturo-lang.io/latest/documentation/library/quantities/wavenumber-,200
arity,reflection,https://arturo-lang.io/documentation/library/reflection/arity,200,https://arturo-lang.io/documentation/library/reflection/arity,https://arturo-lang.io/latest/documentation/library/reflection/arity,200
attr,reflection,https://arturo-lang.io/documentation/library/reflection/attr,200,https://arturo-lang.io/documentation/library/reflection/attr,https://arturo-lang.io/latest/documentation/library/reflection/attr,200
attr?,reflection,https://arturo-lang.io/documentation/library/reflection/attr-,200,https://arturo-lang.io/documentation/library/reflection/attr-,https://arturo-lang.io/latest/documentation/library/reflection/attr-,200
attrs,reflection,https://arturo-lang.io/documentation/library/reflection/attrs,200,https://arturo-lang.io/documentation/library/reflection/attrs,https://arturo-lang.io/latest/documentation/library/reflection/attrs,200
benchmark,reflection,https://arturo-lang.io/documentation/library/reflection/benchmark,200,https://arturo-lang.io/documentation/library/reflection/benchmark,https://arturo-lang.io/latest/documentation/library/reflection/benchmark,200
info,reflection,https://arturo-lang.io/documentation/library/reflection/info,200,https://arturo-lang.io/documentation/library/reflection/info,https://arturo-lang.io/latest/documentation/library/reflection/info,200
inspect,reflection,https://arturo-lang.io/documentation/library/reflection/inspect,200,https://arturo-lang.io/documentation/library/reflection/inspect,https://arturo-lang.io/latest/documentation/library/reflection/inspect,200
methods,reflection,https://arturo-lang.io/documentation/library/reflection/methods,200,https://arturo-lang.io/documentation/library/reflection/methods,https://arturo-lang.io/latest/documentation/library/reflection/methods,200
stack,reflection,https://arturo-lang.io/documentation/library/reflection/stack,200,https://arturo-lang.io/documentation/library/reflection/stack,https://arturo-lang.io/latest/documentation/library/reflection/stack,200
standalone?,reflection,https://arturo-lang.io/documentation/library/reflection/standalone-,200,https://arturo-lang.io/documentation/library/reflection/standalone-,https://arturo-lang.io/latest/documentation/library/reflection/standalone-,200
symbols,reflection,https://arturo-lang.io/documentation/library/reflection/symbols,200,https://arturo-lang.io/documentation/library/reflection/symbols,https://arturo-lang.io/latest/documentation/library/reflection/symbols,200
difference,sets,https://arturo-lang.io/documentation/library/sets/difference,200,https://arturo-lang.io/documentation/library/sets/difference,https://arturo-lang.io/latest/documentation/library/sets/difference,200
disjoint?,sets,https://arturo-lang.io/documentation/library/sets/disjoint-,200,https://arturo-lang.io/documentation/library/sets/disjoint-,https://arturo-lang.io/latest/documentation/library/sets/disjoint-,200
intersect?,sets,https://arturo-lang.io/documentation/library/sets/intersect-,200,https://arturo-lang.io/documentation/library/sets/intersect-,https://arturo-lang.io/latest/documentation/library/sets/intersect-,200
intersection,sets,https://arturo-lang.io/documentation/library/sets/intersection,200,https://arturo-lang.io/documentation/library/sets/intersection,https://arturo-lang.io/latest/documentation/library/sets/intersection,200
powerset,sets,https://arturo-lang.io/documentation/library/sets/powerset,200,https://arturo-lang.io/documentation/library/sets/powerset,https://arturo-lang.io/latest/documentation/library/sets/powerset,200
subset?,sets,https://arturo-lang.io/documentation/library/sets/subset-,200,https://arturo-lang.io/documentation/library/sets/subset-,https://arturo-lang.io/latest/documentation/library/sets/subset-,200
superset?,sets,https://arturo-lang.io/documentation/library/sets/superset-,200,https://arturo-lang.io/documentation/library/sets/superset-,https://arturo-lang.io/latest/documentation/library/sets/superset-,200
union,sets,https://arturo-lang.io/documentation/library/sets/union,200,https://arturo-lang.io/documentation/library/sets/union,https://arturo-lang.io/latest/documentation/library/sets/union,200
accept,sockets,https://arturo-lang.io/documentation/library/sockets/accept,200,https://arturo-lang.io/documentation/library/sockets/accept,https://arturo-lang.io/latest/documentation/library/sockets/accept,404
connect,sockets,https://arturo-lang.io/documentation/library/sockets/connect,200,https://arturo-lang.io/documentation/library/sockets/connect,https://arturo-lang.io/latest/documentation/library/sockets/connect,404
listen,sockets,https://arturo-lang.io/documentation/library/sockets/listen,200,https://arturo-lang.io/documentation/library/sockets/listen,https://arturo-lang.io/latest/documentation/library/sockets/listen,404
receive,sockets,https://arturo-lang.io/documentation/library/sockets/receive,200,https://arturo-lang.io/documentation/library/sockets/receive,https://arturo-lang.io/latest/documentation/library/sockets/receive,404
send,sockets,https://arturo-lang.io/documentation/library/sockets/send,200,https://arturo-lang.io/documentation/library/sockets/send,https://arturo-lang.io/latest/documentation/library/sockets/send,404
send?,sockets,https://arturo-lang.io/documentation/library/sockets/send-,200,https://arturo-lang.io/documentation/library/sockets/send-,https://arturo-lang.io/latest/documentation/library/sockets/send-,404
unplug,sockets,https://arturo-lang.io/documentation/library/sockets/unplug,200,https://arturo-lang.io/documentation/library/sockets/unplug,https://arturo-lang.io/latest/documentation/library/sockets/unplug,404
average,statistics,https://arturo-lang.io/documentation/library/statistics/average,200,https://arturo-lang.io/documentation/library/statistics/average,https://arturo-lang.io/latest/documentation/library/statistics/average,200
deviation,statistics,https://arturo-lang.io/documentation/library/statistics/deviation,200,https://arturo-lang.io/documentation/library/statistics/deviation,https://arturo-lang.io/latest/documentation/library/statistics/deviation,200
kurtosis,statistics,https://arturo-lang.io/documentation/library/statistics/kurtosis,200,https://arturo-lang.io/documentation/library/statistics/kurtosis,https://arturo-lang.io/latest/documentation/library/statistics/kurtosis,200
median,statistics,https://arturo-lang.io/documentation/library/statistics/median,200,https://arturo-lang.io/documentation/library/statistics/median,https://arturo-lang.io/latest/documentation/library/statistics/median,200
skewness,statistics,https://arturo-lang.io/documentation/library/statistics/skewness,200,https://arturo-lang.io/documentation/library/statistics/skewness,https://arturo-lang.io/latest/documentation/library/statistics/skewness,200
variance,statistics,https://arturo-lang.io/documentation/library/statistics/variance,200,https://arturo-lang.io/documentation/library/statistics/variance,https://arturo-lang.io/latest/documentation/library/statistics/variance,200
alphabet,strings,https://arturo-lang.io/documentation/library/strings/alphabet,200,https://arturo-lang.io/documentation/library/strings/alphabet,https://arturo-lang.io/latest/documentation/library/strings/alphabet,200
ascii?,strings,https://arturo-lang.io/documentation/library/strings/ascii-,200,https://arturo-lang.io/documentation/library/strings/ascii-,https://arturo-lang.io/latest/documentation/library/strings/ascii-,200
capitalize,strings,https://arturo-lang.io/documentation/library/strings/capitalize,200,https://arturo-lang.io/documentation/library/strings/capitalize,https://arturo-lang.io/latest/documentation/library/strings/capitalize,200
escape,strings,https://arturo-lang.io/documentation/library/strings/escape,200,https://arturo-lang.io/documentation/library/strings/escape,https://arturo-lang.io/latest/documentation/library/strings/escape,200
indent,strings,https://arturo-lang.io/documentation/library/strings/indent,200,https://arturo-lang.io/documentation/library/strings/indent,https://arturo-lang.io/latest/documentation/library/strings/indent,200
jaro,strings,https://arturo-lang.io/documentation/library/strings/jaro,200,https://arturo-lang.io/documentation/library/strings/jaro,https://arturo-lang.io/latest/documentation/library/strings/jaro,200
join,strings,https://arturo-lang.io/documentation/library/strings/join,200,https://arturo-lang.io/documentation/library/strings/join,https://arturo-lang.io/latest/documentation/library/strings/join,200
levenshtein,strings,https://arturo-lang.io/documentation/library/strings/levenshtein,200,https://arturo-lang.io/documentation/library/strings/levenshtein,https://arturo-lang.io/latest/documentation/library/strings/levenshtein,200
lower,strings,https://arturo-lang.io/documentation/library/strings/lower,200,https://arturo-lang.io/documentation/library/strings/lower,https://arturo-lang.io/latest/documentation/library/strings/lower,200
lower?,strings,https://arturo-lang.io/documentation/library/strings/lower-,200,https://arturo-lang.io/documentation/library/strings/lower-,https://arturo-lang.io/latest/documentation/library/strings/lower-,200
match,strings,https://arturo-lang.io/documentation/library/strings/match,200,https://arturo-lang.io/documentation/library/strings/match,https://arturo-lang.io/latest/documentation/library/strings/match,200
match?,strings,https://arturo-lang.io/documentation/library/strings/match-,200,https://arturo-lang.io/documentation/library/strings/match-,https://arturo-lang.io/latest/documentation/library/strings/match-,200
numeric?,strings,https://arturo-lang.io/documentation/library/strings/numeric-,200,https://arturo-lang.io/documentation/library/strings/numeric-,https://arturo-lang.io/latest/documentation/library/strings/numeric-,200
outdent,strings,https://arturo-lang.io/documentation/library/strings/outdent,200,https://arturo-lang.io/documentation/library/strings/outdent,https://arturo-lang.io/latest/documentation/library/strings/outdent,200
pad,strings,https://arturo-lang.io/documentation/library/strings/pad,200,https://arturo-lang.io/documentation/library/strings/pad,https://arturo-lang.io/latest/documentation/library/strings/pad,200
prefix?,strings,https://arturo-lang.io/documentation/library/strings/prefix-,200,https://arturo-lang.io/documentation/library/strings/prefix-,https://arturo-lang.io/latest/documentation/library/strings/prefix-,200
render,strings,https://arturo-lang.io/documentation/library/strings/render,200,https://arturo-lang.io/documentation/library/strings/render,https://arturo-lang.io/latest/documentation/library/strings/render,200
replace,strings,https://arturo-lang.io/documentation/library/strings/replace,200,https://arturo-lang.io/documentation/library/strings/replace,https://arturo-lang.io/latest/documentation/library/strings/replace,200
strip,strings,https://arturo-lang.io/documentation/library/strings/strip,200,https://arturo-lang.io/documentation/library/strings/strip,https://arturo-lang.io/latest/documentation/library/strings/strip,200
suffix?,strings,https://arturo-lang.io/documentation/library/strings/suffix-,200,https://arturo-lang.io/documentation/library/strings/suffix-,https://arturo-lang.io/latest/documentation/library/strings/suffix-,200
translate,strings,https://arturo-lang.io/documentation/library/strings/translate,200,https://arturo-lang.io/documentation/library/strings/translate,https://arturo-lang.io/latest/documentation/library/strings/translate,200
truncate,strings,https://arturo-lang.io/documentation/library/strings/truncate,200,https://arturo-lang.io/documentation/library/strings/truncate,https://arturo-lang.io/latest/documentation/library/strings/truncate,200
upper,strings,https://arturo-lang.io/documentation/library/strings/upper,200,https://arturo-lang.io/documentation/library/strings/upper,https://arturo-lang.io/latest/documentation/library/strings/upper,200
upper?,strings,https://arturo-lang.io/documentation/library/strings/upper-,200,https://arturo-lang.io/documentation/library/strings/upper-,https://arturo-lang.io/latest/documentation/library/strings/upper-,200
whitespace?,strings,https://arturo-lang.io/documentation/library/strings/whitespace-,200,https://arturo-lang.io/documentation/library/strings/whitespace-,https://arturo-lang.io/latest/documentation/library/strings/whitespace-,200
wordwrap,strings,https://arturo-lang.io/documentation/library/strings/wordwrap,200,https://arturo-lang.io/documentation/library/strings/wordwrap,https://arturo-lang.io/latest/documentation/library/strings/wordwrap,200
arg,system,https://arturo-lang.io/documentation/library/system/arg,200,https://arturo-lang.io/documentation/library/system/arg,https://arturo-lang.io/latest/documentation/library/system/arg,200
args,system,https://arturo-lang.io/documentation/library/system/args,200,https://arturo-lang.io/documentation/library/system/args,https://arturo-lang.io/latest/documentation/library/system/args,200
config,system,https://arturo-lang.io/documentation/library/system/config,200,https://arturo-lang.io/documentation/library/system/config,https://arturo-lang.io/latest/documentation/library/system/config,200
env,system,https://arturo-lang.io/documentation/library/system/env,200,https://arturo-lang.io/documentation/library/system/env,https://arturo-lang.io/latest/documentation/library/system/env,200
execute,system,https://arturo-lang.io/documentation/library/system/execute,200,https://arturo-lang.io/documentation/library/system/execute,https://arturo-lang.io/latest/documentation/library/system/execute,200
exit,system,https://arturo-lang.io/documentation/library/system/exit,200,https://arturo-lang.io/documentation/library/system/exit,https://arturo-lang.io/latest/documentation/library/system/exit,200
panic,system,https://arturo-lang.io/documentation/library/system/panic,200,https://arturo-lang.io/documentation/library/system/panic,https://arturo-lang.io/latest/documentation/library/system/panic,200
path,system,https://arturo-lang.io/documentation/library/system/path,200,https://arturo-lang.io/documentation/library/system/path,https://arturo-lang.io/latest/documentation/library/system/path,200
pause,system,https://arturo-lang.io/documentation/library/system/pause,200,https://arturo-lang.io/documentation/library/system/pause,https://arturo-lang.io/latest/documentation/library/system/pause,200
process,system,https://arturo-lang.io/documentation/library/system/process,200,https://arturo-lang.io/documentation/library/system/process,https://arturo-lang.io/latest/documentation/library/system/process,200
script,system,https://arturo-lang.io/documentation/library/system/script,200,https://arturo-lang.io/documentation/library/system/script,https://arturo-lang.io/latest/documentation/library/system/script,200
superuser?,system,https://arturo-lang.io/documentation/library/system/superuser-,200,https://arturo-lang.io/documentation/library/system/superuser-,https://arturo-lang.io/latest/documentation/library/system/superuser-,200
sys,system,https://arturo-lang.io/documentation/library/system/sys,200,https://arturo-lang.io/documentation/library/system/sys,https://arturo-lang.io/latest/documentation/library/system/sys,200
terminate,system,https://arturo-lang.io/documentation/library/system/terminate,200,https://arturo-lang.io/documentation/library/system/terminate,https://arturo-lang.io/latest/documentation/library/system/terminate,200
attribute?,types,https://arturo-lang.io/documentation/library/types/attribute-,200,https://arturo-lang.io/documentation/library/types/attribute-,https://arturo-lang.io/latest/documentation/library/types/attribute-,200
attributeLabel?,types,https://arturo-lang.io/documentation/library/types/attributelabel-,200,https://arturo-lang.io/documentation/library/types/attributelabel-,https://arturo-lang.io/latest/documentation/library/types/attributelabel-,200
binary?,types,https://arturo-lang.io/documentation/library/types/binary-,200,https://arturo-lang.io/documentation/library/types/binary-,https://arturo-lang.io/latest/documentation/library/types/binary-,200
block?,types,https://arturo-lang.io/documentation/library/types/block-,200,https://arturo-lang.io/documentation/library/types/block-,https://arturo-lang.io/latest/documentation/library/types/block-,200
bytecode?,types,https://arturo-lang.io/documentation/library/types/bytecode-,200,https://arturo-lang.io/documentation/library/types/bytecode-,https://arturo-lang.io/latest/documentation/library/types/bytecode-,200
char?,types,https://arturo-lang.io/documentation/library/types/char-,200,https://arturo-lang.io/documentation/library/types/char-,https://arturo-lang.io/latest/documentation/library/types/char-,200
color?,types,https://arturo-lang.io/documentation/library/types/color-,200,https://arturo-lang.io/documentation/library/types/color-,https://arturo-lang.io/latest/documentation/library/types/color-,200
complex?,types,https://arturo-lang.io/documentation/library/types/complex-,200,https://arturo-lang.io/documentation/library/types/complex-,https://arturo-lang.io/latest/documentation/library/types/complex-,200
constructor,types,https://arturo-lang.io/documentation/library/types/constructor,200,https://arturo-lang.io/documentation/library/types/constructor,https://arturo-lang.io/latest/documentation/library/types/constructor,200
database?,types,https://arturo-lang.io/documentation/library/types/database-,200,https://arturo-lang.io/documentation/library/types/database-,https://arturo-lang.io/latest/documentation/library/types/database-,200
date?,types,https://arturo-lang.io/documentation/library/types/date-,200,https://arturo-lang.io/documentation/library/types/date-,https://arturo-lang.io/latest/documentation/library/types/date-,200
define,types,https://arturo-lang.io/documentation/library/types/define,200,https://arturo-lang.io/documentation/library/types/define,https://arturo-lang.io/latest/documentation/library/types/define,200
defined?,types,https://arturo-lang.io/documentation/library/types/defined-,200,https://arturo-lang.io/documentation/library/types/defined-,https://arturo-lang.io/latest/documentation/library/types/defined-,200
dictionary?,types,https://arturo-lang.io/documentation/library/types/dictionary-,200,https://arturo-lang.io/documentation/library/types/dictionary-,https://arturo-lang.io/latest/documentation/library/types/dictionary-,200
error?,types,https://arturo-lang.io/documentation/library/types/error-,200,https://arturo-lang.io/documentation/library/types/error-,https://arturo-lang.io/latest/documentation/library/types/error-,200
errorKind?,types,https://arturo-lang.io/documentation/library/types/errorkind-,200,https://arturo-lang.io/documentation/library/types/errorkind-,https://arturo-lang.io/latest/documentation/library/types/errorkind-,200
floating?,types,https://arturo-lang.io/documentation/library/types/floating-,200,https://arturo-lang.io/documentation/library/types/floating-,https://arturo-lang.io/latest/documentation/library/types/floating-,200
function?,types,https://arturo-lang.io/documentation/library/types/function-,200,https://arturo-lang.io/documentation/library/types/function-,https://arturo-lang.io/latest/documentation/library/types/function-,200
inline?,types,https://arturo-lang.io/documentation/library/types/inline-,200,https://arturo-lang.io/documentation/library/types/inline-,https://arturo-lang.io/latest/documentation/library/types/inline-,200
integer?,types,https://arturo-lang.io/documentation/library/types/integer-,200,https://arturo-lang.io/documentation/library/types/integer-,https://arturo-lang.io/latest/documentation/library/types/integer-,200
is,types,https://arturo-lang.io/documentation/library/types/is,200,https://arturo-lang.io/documentation/library/types/is,https://arturo-lang.io/latest/documentation/library/types/is,200
is?,types,https://arturo-lang.io/documentation/library/types/is-,200,https://arturo-lang.io/documentation/library/types/is-,https://arturo-lang.io/latest/documentation/library/types/is-,200
label?,types,https://arturo-lang.io/documentation/library/types/label-,200,https://arturo-lang.io/documentation/library/types/label-,https://arturo-lang.io/latest/documentation/library/types/label-,200
literal?,types,https://arturo-lang.io/documentation/library/types/literal-,200,https://arturo-lang.io/documentation/library/types/literal-,https://arturo-lang.io/latest/documentation/library/types/literal-,200
logical?,types,https://arturo-lang.io/documentation/library/types/logical-,200,https://arturo-lang.io/documentation/library/types/logical-,https://arturo-lang.io/latest/documentation/library/types/logical-,200
method?,types,https://arturo-lang.io/documentation/library/types/method-,200,https://arturo-lang.io/documentation/library/types/method-,https://arturo-lang.io/latest/documentation/library/types/method-,200
null?,types,https://arturo-lang.io/documentation/library/types/null-,200,https://arturo-lang.io/documentation/library/types/null-,https://arturo-lang.io/latest/documentation/library/types/null-,200
object?,types,https://arturo-lang.io/documentation/library/types/object-,200,https://arturo-lang.io/documentation/library/types/object-,https://arturo-lang.io/latest/documentation/library/types/object-,200
path?,types,https://arturo-lang.io/documentation/library/types/path-,200,https://arturo-lang.io/documentation/library/types/path-,https://arturo-lang.io/latest/documentation/library/types/path-,200
pathLabel?,types,https://arturo-lang.io/documentation/library/types/pathlabel-,200,https://arturo-lang.io/documentation/library/types/pathlabel-,https://arturo-lang.io/latest/documentation/library/types/pathlabel-,200
pathLiteral?,types,https://arturo-lang.io/documentation/library/types/pathliteral-,200,https://arturo-lang.io/documentation/library/types/pathliteral-,https://arturo-lang.io/latest/documentation/library/types/pathliteral-,200
quantity?,types,https://arturo-lang.io/documentation/library/types/quantity-,200,https://arturo-lang.io/documentation/library/types/quantity-,https://arturo-lang.io/latest/documentation/library/types/quantity-,200
range?,types,https://arturo-lang.io/documentation/library/types/range-,200,https://arturo-lang.io/documentation/library/types/range-,https://arturo-lang.io/latest/documentation/library/types/range-,200
rational?,types,https://arturo-lang.io/documentation/library/types/rational-,200,https://arturo-lang.io/documentation/library/types/rational-,https://arturo-lang.io/latest/documentation/library/types/rational-,200
regex?,types,https://arturo-lang.io/documentation/library/types/regex-,200,https://arturo-lang.io/documentation/library/types/regex-,https://arturo-lang.io/latest/documentation/library/types/regex-,200
socket?,types,https://arturo-lang.io/documentation/library/types/socket-,200,https://arturo-lang.io/documentation/library/types/socket-,https://arturo-lang.io/latest/documentation/library/types/socket-,200
sortable,types,https://arturo-lang.io/documentation/library/types/sortable,200,https://arturo-lang.io/documentation/library/types/sortable,https://arturo-lang.io/latest/documentation/library/types/sortable,200
store?,types,https://arturo-lang.io/documentation/library/types/store-,200,https://arturo-lang.io/documentation/library/types/store-,https://arturo-lang.io/latest/documentation/library/types/store-,200
string?,types,https://arturo-lang.io/documentation/library/types/string-,200,https://arturo-lang.io/documentation/library/types/string-,https://arturo-lang.io/latest/documentation/library/types/string-,200
symbol?,types,https://arturo-lang.io/documentation/library/types/symbol-,200,https://arturo-lang.io/documentation/library/types/symbol-,https://arturo-lang.io/latest/documentation/library/types/symbol-,200
symbolLiteral?,types,https://arturo-lang.io/documentation/library/types/symbolliteral-,200,https://arturo-lang.io/documentation/library/types/symbolliteral-,https://arturo-lang.io/latest/documentation/library/types/symbolliteral-,200
to,types,https://arturo-lang.io/documentation/library/types/to,200,https://arturo-lang.io/documentation/library/types/to,https://arturo-lang.io/latest/documentation/library/types/to,200
type,types,https://arturo-lang.io/documentation/library/types/type,200,https://arturo-lang.io/documentation/library/types/type,https://arturo-lang.io/latest/documentation/library/types/type,200
type?,types,https://arturo-lang.io/documentation/library/types/type-,200,https://arturo-lang.io/documentation/library/types/type-,https://arturo-lang.io/latest/documentation/library/types/type-,200
unit?,types,https://arturo-lang.io/documentation/library/types/unit-,200,https://arturo-lang.io/documentation/library/types/unit-,https://arturo-lang.io/latest/documentation/library/types/unit-,200
version?,types,https://arturo-lang.io/documentation/library/types/version-,200,https://arturo-lang.io/documentation/library/types/version-,https://arturo-lang.io/latest/documentation/library/types/version-,200
word?,types,https://arturo-lang.io/documentation/library/types/word-,200,https://arturo-lang.io/documentation/library/types/word-,https://arturo-lang.io/latest/documentation/library/types/word-,200
alert,ui,https://arturo-lang.io/documentation/library/ui/alert,200,https://arturo-lang.io/documentation/library/ui/alert,https://arturo-lang.io/latest/documentation/library/ui/alert,200
clip,ui,https://arturo-lang.io/documentation/library/ui/clip,200,https://arturo-lang.io/documentation/library/ui/clip,https://arturo-lang.io/latest/documentation/library/ui/clip,200
dialog,ui,https://arturo-lang.io/documentation/library/ui/dialog,200,https://arturo-lang.io/documentation/library/ui/dialog,https://arturo-lang.io/latest/documentation/library/ui/dialog,200
popup,ui,https://arturo-lang.io/documentation/library/ui/popup,200,https://arturo-lang.io/documentation/library/ui/popup,https://arturo-lang.io/latest/documentation/library/ui/popup,200
unclip,ui,https://arturo-lang.io/documentation/library/ui/unclip,200,https://arturo-lang.io/documentation/library/ui/unclip,https://arturo-lang.io/latest/documentation/library/ui/unclip,200
webview,ui,https://arturo-lang.io/documentation/library/ui/webview,200,https://arturo-lang.io/documentation/library/ui/webview,https://arturo-lang.io/latest/documentation/library/ui/webview,200
